Lookup Key,Name,Position,Salary Cap,Team,Position Group,Abbreviation,Bye Week
TEA.J. BarnerSEA,A.J. Barner,TE,"$1,148,777 ",Seattle Seahawks,TE,SEA,8
WRA.J. BrownPHI,A.J. Brown,WR,"$17,523,497 ",Philadelphia Eagles,WR,PHI,9
PA.J. ColeLV,A.J. Cole,P,"$4,900,000 ",Las Vegas Raiders,P,LV,8
RBA.J. DillonPHI,A.J. Dillon,RB,"$1,197,500 ",Philadelphia Eagles,RB,PHI,9
DLA.J. EpenesaBUF,A.J. Epenesa,DE,"$7,487,000 ",Buffalo Bills,DL,BUF,7
DBA.J. GreenLAR,A.J. Green,CB,"$1,100,000 ",Los Angeles Rams,DB,LAR,8
DBA.J. TerrellATL,A.J. Terrell,CB,"$9,000,000 ",Atlanta Falcons,DB,ATL,5
WRA.T. PerryDEN,A.T. Perry,WR,"$1,030,000 ",Denver Broncos,WR,DEN,12
DLA'Shawn RobinsonCAR,A'Shawn Robinson,DE,"$9,610,000 ",Carolina Panthers,DL,CAR,14
RBAaron JonesMIN,Aaron Jones,RB,"$6,800,000 ",Minnesota Vikings,RB,MIN,6
QBAaron RodgersPIT,Aaron Rodgers,QB,"$14,150,000 ",Pittsburgh Steelers,QB,PIT,5
LBAaron SmithNYJ,Aaron Smith,LB,"$840,833 ",New York Jets,LB,NYJ,9
DLAbdul CarterNYG,Abdul Carter,DE,"$8,228,212 ",New York Giants,DL,NYG,14
DLAdam ButlerLV,Adam Butler,DT,"$3,838,333 ",Las Vegas Raiders,DL,LV,8
DLAdam GotsisTB,Adam Gotsis,DE,"$1,030,000 ",Tampa Bay Buccaneers,DL,TB,9
WRAdam ThielenMIN,Adam Thielen,WR,"$10,108,177 ",Minnesota Vikings,WR,MIN,6
TEAdam TrautmanDEN,Adam Trautman,TE,"$4,500,000 ",Denver Broncos,TE,DEN,12
DLAdedayo OdeleyeBAL,Adedayo Odeleye,DT,"$840,000 ",Baltimore Ravens,DL,BAL,7
DLAdetomiwa AdebaworeIND,Adetomiwa Adebawore,DT,"$1,229,227 ",Indianapolis Colts,DL,IND,11
DLAdin HuntingtonCLE,Adin Huntington,DT,"$846,666 ",Cleveland Browns,DL,CLE,9
LBAdisa IsaacBAL,Adisa Isaac,OLB,"$1,283,644 ",Baltimore Ravens,LB,BAL,7
WRAdonai MitchellIND,Adonai Mitchell,WR,"$1,678,656 ",Indianapolis Colts,WR,IND,11
DBAdoree' JacksonPHI,Adoree' Jackson,CB,"$1,355,000 ",Philadelphia Eagles,DB,PHI,9
QBAdrian MartinezNYJ,Adrian Martinez,QB,"$840,000 ",New York Jets,QB,NYJ,9
DLAeneas PeeblesBAL,Aeneas Peebles,DT,"$883,570 ",Baltimore Ravens,DL,BAL,7
DBAhkello WitherspoonLAR,Ahkello Witherspoon,CB,"$1,255,000 ",Los Angeles Rams,DB,LAR,8
DBAhmad GardnerNYJ,Ahmad Gardner,CB,"$9,376,964 ",New York Jets,DB,NYJ,9
RBAhmani MarshallCLE,Ahmani Marshall,RB,"$840,000 ",Cleveland Browns,RB,CLE,9
DLAhmed HassaneinDET,Ahmed Hassanein,DE,"$897,473 ",Detroit Lions,DL,DET,8
DLAidan HutchinsonDET,Aidan Hutchinson,DE,"$11,365,351 ",Detroit Lions,DL,DET,8
QBAidan O'ConnellLV,Aidan O'Connell,QB,"$1,157,345 ",Las Vegas Raiders,QB,LV,8
WRAinias SmithPHI,Ainias Smith,WR,"$1,043,574 ",Philadelphia Eagles,WR,PHI,9
WRAJ HenningMIA,AJ Henning,WR,"$843,333 ",Miami Dolphins,WR,MIA,12
DBAjani CarterKC,Ajani Carter,CB,"$840,000 ",Kansas City Chiefs,DB,KC,10
WRAjou AjouIND,Ajou Ajou,WR,"$840,000 ",Indianapolis Colts,WR,IND,11
DBAkayleb EvansCAR,Akayleb Evans,CB,"$1,100,000 ",Carolina Panthers,DB,CAR,14
LBAkeem Davis-GaitherARI,Akeem Davis-Gaither,OLB,"$3,805,000 ",Arizona Cardinals,LB,ARI,8
DLAl-Quadin MuhammadDET,Al-Quadin Muhammad,DE,"$1,197,500 ",Detroit Lions,DL,DET,8
TEAlbert OkwuegbunamLV,Albert Okwuegbunam,TE,"$1,030,000 ",Las Vegas Raiders,TE,LV,8
LBAle KahoWAS,Ale Kaho,LB,"$843,333 ",Washington Commanders,LB,WAS,12
RBAlec IngoldMIA,Alec Ingold,FB,"$4,815,000 ",Miami Dolphins,RB,MIA,12
WRAlec PierceIND,Alec Pierce,WR,"$4,151,244 ",Indianapolis Colts,WR,IND,11
LBAlex AnzaloneDET,Alex Anzalone,ILB,"$7,508,824 ",Detroit Lions,LB,DET,8
DBAlex AustinNE,Alex Austin,CB,"$1,030,000 ",New England Patriots,DB,NE,14
WRAlex BachmanLV,Alex Bachman,WR,"$1,030,000 ",Las Vegas Raiders,WR,LV,8
DBAlex CookCHI,Alex Cook,S,"$960,000 ",Chicago Bears,DB,CHI,5
LBAlex HighsmithPIT,Alex Highsmith,OLB,"$18,602,000 ",Pittsburgh Steelers,LB,PIT,5
DLAlex HuntleyMIA,Alex Huntley,DT,"$843,333 ",Miami Dolphins,DL,MIA,12
LBAlex SingletonDEN,Alex Singleton,LB,"$6,913,334 ",Denver Broncos,LB,DEN,12
DLAlex WrightCLE,Alex Wright,DE,"$3,663,468 ",Cleveland Browns,DL,CLE,9
RBAlexander MattisonMIA,Alexander Mattison,RB,"$1,197,500 ",Miami Dolphins,RB,MIA,12
DLAlfred CollinsSF,Alfred Collins,DT,"$1,873,979 ",San Francisco 49ers,DL,SF,14
DLAli GayeTEN,Ali Gaye,DE,"$960,000 ",Tennessee Titans,DL,TEN,10
DBAlijah ClarkDAL,Alijah Clark,S,"$848,333 ",Dallas Cowboys,DB,DAL,10
DBAlijah HuzzieHOU,Alijah Huzzie,CB,"$846,666 ",Houston Texans,DB,HOU,6
DLAlim McNeillDET,Alim McNeill,DT,"$6,136,000 ",Detroit Lions,DL,DET,8
DBAllan GeorgeWAS,Allan George,CB,"$960,000 ",Washington Commanders,DB,WAS,12
WRAllen LazardNYJ,Allen Lazard,WR,"$4,610,471 ",New York Jets,WR,NYJ,9
DBAlohi GilmanLAC,Alohi Gilman,FS,"$6,750,000 ",Los Angeles Chargers,DB,LAC,12
DBAlontae TaylorNO,Alontae Taylor,CB,"$4,260,945 ",New Orleans Saints,DB,NO,11
RBAlvin KamaraNO,Alvin Kamara,RB,"$10,061,471 ",New Orleans Saints,RB,NO,11
DBAmani HookerTEN,Amani Hooker,SS,"$11,098,823 ",Tennessee Titans,DB,TEN,10
DBAmani OruwariyeTEN,Amani Oruwariye,CB,"$1,030,000 ",Tennessee Titans,DB,TEN,10
RBAmar JohnsonGB,Amar Johnson,RB,"$845,000 ",Green Bay Packers,RB,GB,5
LBAmari BurneyTEN,Amari Burney,LB,"$1,030,000 ",Tennessee Titans,LB,TEN,10
DLAmari GainerLV,Amari Gainer,DE,"$966,666 ",Las Vegas Raiders,DL,LV,8
DBAmbry ThomasMIN,Ambry Thomas,CB,"$1,100,000 ",Minnesota Vikings,DB,MIN,6
RBAmeer AbdullahSF,Ameer Abdullah,RB,"$1,030,000 ",San Francisco 49ers,RB,SF,14
DBAmeer SpeedCHI,Ameer Speed,CB,"$1,030,000 ",Chicago Bears,DB,CHI,5
LBAmen OgbongbemigaCHI,Amen Ogbongbemiga,OLB,"$2,375,000 ",Chicago Bears,LB,CHI,5
DBAmik RobertsonDET,Amik Robertson,CB,"$6,400,000 ",Detroit Lions,DB,DET,8
WRAmon-Ra St. BrownDET,Amon-Ra St. Brown,WR,"$13,910,000 ",Detroit Lions,WR,DET,8
WRAndre BaccelliaARI,Andre Baccellia,WR,"$1,030,000 ",Arizona Cardinals,WR,ARI,8
LBAndre Carter IILV,Andre Carter II,OLB,"$1,030,000 ",Las Vegas Raiders,LB,LV,8
DBAndre CiscoNYJ,Andre Cisco,S,"$4,500,000 ",New York Jets,DB,NYJ,9
DLAndre Jones Jr.WAS,Andre Jones Jr.,DE,"$960,000 ",Washington Commanders,DL,WAS,12
KAndre SzmytCLE,Andre Szmyt,K,"$840,000 ",Cleveland Browns,K,CLE,9
WRAndrei IosivasCIN,Andrei Iosivas,WR,"$1,069,846 ",Cincinnati Bengals,WR,CIN,10
KAndres BorregalesNE,Andres Borregales,K,"$904,121 ",New England Patriots,K,NE,14
WRAndrew ArmstrongMIA,Andrew Armstrong,WR,"$846,666 ",Miami Dolphins,WR,MIA,12
RBAndrew BeckNYJ,Andrew Beck,FB,"$1,197,500 ",New York Jets,RB,NYJ,9
DLAndrew BillingsCHI,Andrew Billings,DT,"$3,320,000 ",Chicago Bears,DL,CHI,5
DBAndrew Booth Jr.DAL,Andrew Booth Jr.,CB,"$1,100,000 ",Dallas Cowboys,DB,DAL,10
LBAndrew FarmerDEN,Andrew Farmer,OLB,"$960,000 ",Denver Broncos,LB,DEN,12
DBAndrew MukubaPHI,Andrew Mukuba,S,"$1,301,917 ",Philadelphia Eagles,DB,PHI,9
TEAndrew OgletreeIND,Andrew Ogletree,TE,"$1,144,547 ",Indianapolis Colts,TE,IND,11
LBAndrew Van GinkelMIN,Andrew Van Ginkel,OLB,"$11,400,000 ",Minnesota Vikings,LB,MIN,6
DBAndrew WingardJAC,Andrew Wingard,S,"$3,594,118 ",Jacksonville Jaguars,DB,JAC,8
DBAndru PhillipsNYG,Andru Phillips,CB,"$1,362,714 ",New York Giants,DB,NYG,14
QBAndy DaltonCAR,Andy Dalton,QB,"$3,203,666 ",Carolina Panthers,QB,CAR,14
LBAnfernee JenningsNE,Anfernee Jennings,OLB,"$5,305,882 ",New England Patriots,LB,NE,14
LBAnfernee OrjiTEN,Anfernee Orji,LB,"$960,000 ",Tennessee Titans,LB,TEN,10
DLAnthony Booker Jr.LV,Anthony Booker Jr.,DT,"$845,000 ",Las Vegas Raiders,DL,LV,8
DLAnthony CampbellSEA,Anthony Campbell,DT,"$840,000 ",Seattle Seahawks,DL,SEA,8
DLAnthony GoodlowARI,Anthony Goodlow,DE,"$840,000 ",Arizona Cardinals,DL,ARI,8
WRAnthony GouldIND,Anthony Gould,WR,"$1,048,166 ",Indianapolis Colts,WR,IND,11
WRAnthony MillerBAL,Anthony Miller,WR,"$1,030,000 ",Baltimore Ravens,WR,BAL,7
LBAnthony NelsonTB,Anthony Nelson,OLB,"$2,036,000 ",Tampa Bay Buccaneers,LB,TB,9
LBAnthony PittmanDET,Anthony Pittman,ILB,"$1,030,000 ",Detroit Lions,LB,DET,8
QBAnthony RichardsonIND,Anthony Richardson,QB,"$9,271,099 ",Indianapolis Colts,QB,IND,11
TEAnthony TorresLAR,Anthony Torres,TE,"$843,333 ",Los Angeles Rams,TE,LAR,8
LBAnthony Walker Jr.TB,Anthony Walker Jr.,ILB,"$1,197,500 ",Tampa Bay Buccaneers,LB,TB,9
DBAntoine Winfield Jr.TB,Antoine Winfield Jr.,FS,"$9,136,000 ",Tampa Bay Buccaneers,DB,TB,9
RBAntonio GibsonNE,Antonio Gibson,RB,"$4,500,000 ",New England Patriots,RB,NE,14
LBAntonio GrierTB,Antonio Grier,ILB,"$960,000 ",Tampa Bay Buccaneers,LB,TB,9
DBAntonio JohnsonJAC,Antonio Johnson,S,"$1,105,458 ",Jacksonville Jaguars,DB,JAC,8
WRAntwane Wells Jr.NYG,Antwane Wells Jr.,WR,"$848,333 ",New York Giants,WR,NYG,14
DLAntwaun Powell-RylandPHI,Antwaun Powell-Ryland,DE,"$883,570 ",Philadelphia Eagles,DL,PHI,9
DBAr'Darius WashingtonBAL,Ar'Darius Washington,S,"$3,263,000 ",Baltimore Ravens,DB,BAL,7
LBArden KeyTEN,Arden Key,OLB,"$9,285,294 ",Tennessee Titans,LB,TEN,10
WRArian SmithNYJ,Arian Smith,WR,"$1,100,413 ",New York Jets,WR,NYJ,9
DLArik ArmsteadJAC,Arik Armstead,DE,"$7,400,000 ",Jacksonville Jaguars,DL,JAC,8
LBArnold EbiketieATL,Arnold Ebiketie,OLB,"$2,805,947 ",Atlanta Falcons,LB,ATL,5
LBArron MosbyGB,Arron Mosby,OLB,"$1,030,000 ",Green Bay Packers,LB,GB,5
DBArt GreenNYG,Art Green,CB,"$960,000 ",New York Giants,DB,NYG,14
DBArthur MauletHOU,Arthur Maulet,CB,"$1,105,000 ",Houston Texans,DB,HOU,6
WRAshton DulinIND,Ashton Dulin,WR,"$2,720,000 ",Indianapolis Colts,WR,IND,11
DLAshton GillotteKC,Ashton Gillotte,DE,"$1,226,295 ",Kansas City Chiefs,DL,KC,10
RBAshton JeantyLV,Ashton Jeanty,RB,"$6,526,511 ",Las Vegas Raiders,RB,LV,8
DBAshtyn DavisMIA,Ashtyn Davis,S,"$2,500,000 ",Miami Dolphins,DB,MIA,12
RBAudric EstiméDEN,Audric Estimé,RB,"$1,044,781 ",Denver Broncos,RB,DEN,12
LBAustin AjiakeIND,Austin Ajiake,ILB,"$840,000 ",Indianapolis Colts,LB,IND,11
DLAustin BookerCHI,Austin Booker,DE,"$1,047,285 ",Chicago Bears,DL,CHI,5
RBAustin EkelerWAS,Austin Ekeler,RB,"$4,960,000 ",Washington Commanders,RB,WAS,12
TEAustin HooperNE,Austin Hooper,TE,"$5,000,000 ",New England Patriots,TE,NE,14
LBAustin KeysMIN,Austin Keys,LB,"$845,000 ",Minnesota Vikings,LB,MIN,6
PAustin McNamaraNYJ,Austin McNamara,P,"$840,000 ",New York Jets,P,NYJ,9
WRAustin TrammellJAC,Austin Trammell,WR,"$1,030,000 ",Jacksonville Jaguars,WR,JAC,8
RBAvery WilliamsPHI,Avery Williams,RB,"$1,267,500 ",Philadelphia Eagles,RB,PHI,9
DBAvonte MaddoxDET,Avonte Maddox,CB,"$1,197,500 ",Detroit Lions,DB,DET,8
DBAzareye'h ThomasNYJ,Azareye'h Thomas,CB,"$1,198,845 ",New York Jets,DB,NYJ,9
LBAzeez Al-ShaairHOU,Azeez Al-Shaair,LB,"$5,259,529 ",Houston Texans,LB,HOU,6
LBAzeez OjulariPHI,Azeez Ojulari,OLB,"$1,672,000 ",Philadelphia Eagles,LB,PHI,9
DBB.J. AdamsMIA,B.J. Adams,CB,"$846,666 ",Miami Dolphins,DB,MIA,12
DLB.J. GreenJAC,B.J. Green,DE,"$840,833 ",Jacksonville Jaguars,DL,JAC,8
DLB.J. HillCIN,B.J. Hill,DT,"$8,625,490 ",Cincinnati Bengals,DL,CIN,10
DLB.J. OjulariARI,B.J. Ojulari,DE,"$2,344,802 ",Arizona Cardinals,DL,ARI,8
QBBailey ZappeKC,Bailey Zappe,QB,"$1,100,000 ",Kansas City Chiefs,QB,KC,10
QBBaker MayfieldTB,Baker Mayfield,QB,"$23,875,000 ",Tampa Bay Buccaneers,QB,TB,9
LBBam Martin-ScottCAR,Bam Martin-Scott,LB,"$845,000 ",Carolina Panthers,LB,CAR,14
LBBaron BrowningARI,Baron Browning,OLB,"$5,495,000 ",Arizona Cardinals,LB,ARI,8
LBBarrett CarterCIN,Barrett Carter,LB,"$1,085,529 ",Cincinnati Bengals,LB,CIN,10
DLBarryn SorrellGB,Barryn Sorrell,DE,"$1,075,463 ",Green Bay Packers,DL,GB,5
DLBasil OkoyeBAL,Basil Okoye,DT,"$840,000 ",Baltimore Ravens,DL,BAL,7
DBBeanie BishopPIT,Beanie Bishop,CB,"$968,333 ",Pittsburgh Steelers,DB,PIT,5
DBBeau BradeBAL,Beau Brade,S,"$968,333 ",Baltimore Ravens,DB,BAL,7
WRBeaux CollinsNYG,Beaux Collins,WR,"$852,000 ",New York Giants,WR,NYG,14
KBen SaulsPIT,Ben Sauls,K,"$846,666 ",Pittsburgh Steelers,K,PIT,5
TEBen SimsGB,Ben Sims,TE,"$1,030,000 ",Green Bay Packers,TE,GB,5
TEBen SinnottWAS,Ben Sinnott,TE,"$1,642,716 ",Washington Commanders,TE,WAS,12
WRBen SkowronekPIT,Ben Skowronek,WR,"$1,710,000 ",Pittsburgh Steelers,WR,PIT,5
DLBen StilleMIA,Ben Stille,DT,"$1,100,000 ",Miami Dolphins,DL,MIA,12
LBBen VanSumerenPHI,Ben VanSumeren,ILB,"$1,055,000 ",Philadelphia Eagles,LB,PHI,9
QBBen WooldridgeNE,Ben Wooldridge,QB,"$842,000 ",New England Patriots,QB,NE,14
TEBen YurosekMIN,Ben Yurosek,TE,"$846,666 ",Minnesota Vikings,TE,MIN,6
DLBenito JonesMIA,Benito Jones,DT,"$2,000,000 ",Miami Dolphins,DL,MIA,12
DBBenjamin MorrisonTB,Benjamin Morrison,CB,"$1,493,812 ",Tampa Bay Buccaneers,DB,TB,9
DBBenjamin St-JusteLAC,Benjamin St-Juste,CB,"$2,500,000 ",Los Angeles Chargers,DB,LAC,12
LBBenton WhitleyARI,Benton Whitley,OLB,"$1,100,000 ",Arizona Cardinals,LB,ARI,8
RBBhayshul TutenJAC,Bhayshul Tuten,RB,"$1,109,132 ",Jacksonville Jaguars,RB,JAC,8
RBBijan RobinsonATL,Bijan Robinson,RB,"$5,988,693 ",Atlanta Falcons,RB,ATL,5
DLBilal NicholsARI,Bilal Nichols,DE,"$7,830,000 ",Arizona Cardinals,DL,ARI,8
DBBilhal KoneBAL,Bilhal Kone,CB,"$909,286 ",Baltimore Ravens,DB,BAL,7
DLBill NortonLAR,Bill Norton,DT,"$841,000 ",Los Angeles Rams,DL,LAR,8
DBBilly Bowman Jr.ATL,Billy Bowman Jr.,S,"$1,086,538 ",Atlanta Falcons,DB,ATL,5
LBBlake CashmanMIN,Blake Cashman,LB,"$7,236,765 ",Minnesota Vikings,LB,MIN,6
RBBlake CorumLAR,Blake Corum,RB,"$1,309,946 ",Los Angeles Rams,RB,LAR,8
PBlake GillikinARI,Blake Gillikin,P,"$2,100,000 ",Arizona Cardinals,P,ARI,8
KBlake GrupeNO,Blake Grupe,K,"$1,030,834 ",New Orleans Saints,K,NO,11
RBBlake WatsonDEN,Blake Watson,RB,"$960,000 ",Denver Broncos,RB,DEN,12
TEBlake WhiteheartCLE,Blake Whiteheart,TE,"$1,030,000 ",Cleveland Browns,TE,CLE,9
WRBlayne TaylorIND,Blayne Taylor,WR,"$844,166 ",Indianapolis Colts,WR,IND,11
DBBo MeltonGB,Bo Melton,CB,"$1,030,000 ",Green Bay Packers,DB,GB,5
QBBo NixDEN,Bo Nix,QB,"$4,230,265 ",Denver Broncos,QB,DEN,12
LBBo RichterMIN,Bo Richter,OLB,"$960,000 ",Minnesota Vikings,LB,MIN,6
DLBobby BrownCAR,Bobby Brown,DT,"$3,133,333 ",Carolina Panthers,DL,CAR,14
LBBobby OkerekeNYG,Bobby Okereke,LB,"$14,463,333 ",New York Giants,LB,NYG,14
DBBobby PriceWAS,Bobby Price,CB,"$1,030,000 ",Washington Commanders,DB,WAS,12
LBBobby WagnerWAS,Bobby Wagner,ILB,"$9,000,000 ",Washington Commanders,LB,WAS,12
DLBoye MafeSEA,Boye Mafe,DE,"$2,724,352 ",Seattle Seahawks,DL,SEA,8
PBrad RobbinsBUF,Brad Robbins,P,"$960,000 ",Buffalo Bills,P,BUF,7
DLBraden FiskeLAR,Braden Fiske,DT,"$2,138,664 ",Los Angeles Rams,DL,LAR,8
PBraden MannPHI,Braden Mann,P,"$1,591,000 ",Philadelphia Eagles,P,PHI,9
LBBradley ChubbMIA,Bradley Chubb,OLB,"$12,327,739 ",Miami Dolphins,LB,MIA,12
PBradley PinionATL,Bradley Pinion,P,"$3,150,000 ",Atlanta Falcons,P,ATL,5
QBBrady CookNYJ,Brady Cook,QB,"$841,666 ",New York Jets,QB,NYJ,9
TEBrady RussellSEA,Brady Russell,TE,"$1,030,000 ",Seattle Seahawks,TE,SEA,8
DLBradyn SwinsonNE,Bradyn Swinson,DE,"$950,199 ",New England Patriots,DL,NE,14
RBBraelon AllenNYJ,Braelon Allen,RB,"$1,092,177 ",New York Jets,RB,NYJ,9
DLBraiden McGregorNYJ,Braiden McGregor,DE,"$966,666 ",New York Jets,DL,NYJ,9
LBBralen TriceATL,Bralen Trice,OLB,"$1,347,668 ",Atlanta Falcons,LB,ATL,5
DBBralyn LuxCIN,Bralyn Lux,CB,"$843,333 ",Cincinnati Bengals,DB,CIN,10
WRBrandin CooksNO,Brandin Cooks,WR,"$3,154,110 ",New Orleans Saints,WR,NO,11
DBBrandin EcholsPIT,Brandin Echols,CB,"$2,085,000 ",Pittsburgh Steelers,DB,PIT,5
WRBrandon AiyukSF,Brandon Aiyuk,WR,"$9,917,105 ",San Francisco 49ers,WR,SF,14
QBBrandon AllenTEN,Brandon Allen,QB,"$1,197,500 ",Tennessee Titans,QB,TEN,10
KBrandon AubreyDAL,Brandon Aubrey,K,"$1,030,000 ",Dallas Cowboys,K,DAL,10
DBBrandon CodringtonBUF,Brandon Codrington,CB,"$960,000 ",Buffalo Bills,DB,BUF,7
DBBrandon CrossleyNE,Brandon Crossley,CB,"$840,333 ",New England Patriots,DB,NE,14
DLBrandon DorlusATL,Brandon Dorlus,DT,"$1,165,599 ",Atlanta Falcons,DL,ATL,5
LBBrandon GeorgeKC,Brandon George,LB,"$845,000 ",Kansas City Chiefs,LB,KC,10
DBBrandon JohnsonPHI,Brandon Johnson,CB,"$846,666 ",Philadelphia Eagles,DB,PHI,9
WRBrandon JohnsonPIT,Brandon Johnson,WR,"$1,100,000 ",Pittsburgh Steelers,WR,PIT,5
DBBrandon JonesDEN,Brandon Jones,S,"$9,053,333 ",Denver Broncos,DB,DEN,12
KBrandon McManusGB,Brandon McManus,K,"$3,490,195 ",Green Bay Packers,K,GB,5
DLBrandon PiliSEA,Brandon Pili,DT,"$1,030,000 ",Seattle Seahawks,DL,SEA,8
DBBrandon StephensNYJ,Brandon Stephens,CB,"$4,000,000 ",New York Jets,DB,NYJ,9
LBBranson CombsJAC,Branson Combs,LB,"$845,000 ",Jacksonville Jaguars,LB,JAC,8
RBBrashard SmithKC,Brashard Smith,RB,"$873,369 ",Kansas City Chiefs,RB,KC,10
WRBraxton BerriosHOU,Braxton Berrios,WR,"$1,670,588 ",Houston Texans,WR,HOU,6
TEBrayden WillisSF,Brayden Willis,TE,"$1,030,000 ",San Francisco 49ers,TE,SF,14
RBBreece HallNYJ,Breece Hall,RB,"$4,340,050 ",New York Jets,RB,NYJ,9
TEBrenden BatesCLE,Brenden Bates,TE,"$960,000 ",Cleveland Browns,TE,CLE,9
WRBrenden RiceLAC,Brenden Rice,WR,"$988,648 ",Los Angeles Chargers,WR,LAC,12
DBBrenden SchoolerNE,Brenden Schooler,S,"$2,725,000 ",New England Patriots,DB,NE,14
DLBrennan JacksonLAR,Brennan Jackson,DE,"$1,042,342 ",Los Angeles Rams,DL,LAR,8
WRBrennan PresleyLAR,Brennan Presley,WR,"$841,333 ",Los Angeles Rams,WR,LAR,8
LBBrenton Cox Jr.GB,Brenton Cox Jr.,LB,"$1,033,000 ",Green Bay Packers,LB,GB,5
TEBrenton StrangeJAC,Brenton Strange,TE,"$1,667,545 ",Jacksonville Jaguars,TE,JAC,8
QBBrett RypienMIN,Brett Rypien,QB,"$1,055,000 ",Minnesota Vikings,QB,MIN,6
TEBrevin JordanHOU,Brevin Jordan,TE,"$1,552,941 ",Houston Texans,TE,HOU,6
TEBrevyn Spann-FordDAL,Brevyn Spann-Ford,TE,"$966,666 ",Dallas Cowboys,TE,DAL,10
LBBrian AsamoahMIN,Brian Asamoah,LB,"$1,745,816 ",Minnesota Vikings,LB,MIN,6
DBBrian BranchDET,Brian Branch,S,"$2,187,744 ",Detroit Lions,DB,DET,8
LBBrian BurnsNYG,Brian Burns,OLB,"$17,750,000 ",New York Giants,LB,NYG,14
RBBrian Robinson Jr.SF,Brian Robinson Jr.,RB,"$3,618,255 ",San Francisco 49ers,RB,SF,14
WRBrian Thomas Jr.JAC,Brian Thomas Jr.,WR,"$3,331,813 ",Jacksonville Jaguars,WR,JAC,8
WRBritain CoveyLAR,Britain Covey,WR,"$1,100,000 ",Los Angeles Rams,WR,LAR,8
RBBritish BrooksHOU,British Brooks,RB,"$965,000 ",Houston Texans,RB,HOU,6
TEBrock BowersLV,Brock Bowers,TE,"$4,122,451 ",Las Vegas Raiders,TE,LV,8
QBBrock PurdySF,Brock Purdy,QB,"$9,119,253 ",San Francisco 49ers,QB,SF,14
TEBrock WrightDET,Brock Wright,TE,"$2,629,000 ",Detroit Lions,TE,DET,8
DLBroderick WashingtonBAL,Broderick Washington,DT,"$4,600,000 ",Baltimore Ravens,DL,BAL,7
DLBrodric MartinDET,Brodric Martin,DT,"$1,446,569 ",Detroit Lions,DL,DET,8
DBBruce HarmonDAL,Bruce Harmon,S,"$841,666 ",Dallas Cowboys,DB,DAL,10
PBryan AngerDAL,Bryan Anger,P,"$2,300,000 ",Dallas Cowboys,P,DAL,10
DLBryan BreseeNO,Bryan Bresee,DT,"$3,344,607 ",New Orleans Saints,DL,NO,11
DBBryan CookKC,Bryan Cook,FS,"$1,860,453 ",Kansas City Chiefs,DB,KC,10
PBryce BaringerNE,Bryce Baringer,P,"$1,074,614 ",New England Patriots,P,NE,14
DBBryce HallTB,Bryce Hall,CB,"$1,030,000 ",Tampa Bay Buccaneers,DB,TB,9
LBBryce HuffSF,Bryce Huff,OLB,"$7,950,000 ",San Francisco 49ers,LB,SF,14
WRBryce OliverTEN,Bryce Oliver,WR,"$960,000 ",Tennessee Titans,WR,TEN,10
TEBryce PierreCAR,Bryce Pierre,TE,"$843,333 ",Carolina Panthers,TE,CAR,14
QBBryce YoungCAR,Bryce Young,QB,"$10,351,383 ",Carolina Panthers,QB,CAR,14
DLBryceNE,Bryce,DT,"$840,000 ",New England Patriots,DL,NE,14
WRBryson GreenARI,Bryson Green,WR,"$850,000 ",Arizona Cardinals,WR,ARI,8
TEBryson NesbitMIN,Bryson Nesbit,TE,"$841,666 ",Minnesota Vikings,TE,MIN,6
WRBub MeansNO,Bub Means,WR,"$1,023,569 ",New Orleans Saints,WR,NO,11
RBBucky IrvingTB,Bucky Irving,RB,"$1,142,888 ",Tampa Bay Buccaneers,RB,TB,9
LBBud DupreeLAC,Bud Dupree,OLB,"$3,890,000 ",Los Angeles Chargers,LB,LAC,12
DBBudda BakerARI,Budda Baker,S,"$10,816,250 ",Arizona Cardinals,DB,ARI,8
LBBuddy JohnsonDAL,Buddy Johnson,LB,"$1,030,000 ",Dallas Cowboys,LB,DAL,10
DLByron CowartNYJ,Byron Cowart,DT,"$1,197,500 ",New York Jets,DL,NYJ,9
DBByron Murphy Jr.MIN,Byron Murphy Jr.,CB,"$10,330,000 ",Minnesota Vikings,DB,MIN,6
DLByron MurphySEA,Byron Murphy,DT,"$3,655,255 ",Seattle Seahawks,DL,SEA,8
DLByron YoungLAR,Byron Young,DE,"$1,515,455 ",Los Angeles Rams,DL,LAR,8
DLByron YoungPHI,Byron Young,DT,"$1,265,337 ",Philadelphia Eagles,DL,PHI,9
DLC.J. BrewerTB,C.J. Brewer,DE,"$960,000 ",Tampa Bay Buccaneers,DL,TB,9
TEC.J. DippreNE,C.J. Dippre,TE,"$850,000 ",New England Patriots,TE,NE,14
DBC.J. GoodwinDAL,C.J. Goodwin,CB,"$1,197,500 ",Dallas Cowboys,DB,DAL,10
RBC.J. HamMIN,C.J. Ham,FB,"$3,516,667 ",Minnesota Vikings,RB,MIN,6
DLC.J. RavenellBAL,C.J. Ravenell,DE,"$840,000 ",Baltimore Ravens,DL,BAL,7
QBC.J. StroudHOU,C.J. Stroud,QB,"$9,894,339 ",Houston Texans,QB,HOU,6
WRCade McDonaldCLE,Cade McDonald,WR,"$840,000 ",Cleveland Browns,WR,CLE,9
TECade OttonTB,Cade Otton,TE,"$3,864,486 ",Tampa Bay Buccaneers,TE,TB,9
TECade StoverHOU,Cade Stover,TE,"$1,144,734 ",Houston Texans,TE,HOU,6
TECaden PrieskornDEN,Caden Prieskorn,TE,"$840,000 ",Denver Broncos,TE,DEN,12
DBCaelen CarsonDAL,Caelen Carson,CB,"$1,023,569 ",Dallas Cowboys,DB,DAL,10
KCairo SantosCHI,Cairo Santos,K,"$4,260,000 ",Chicago Bears,K,CHI,5
DLCalais CampbellARI,Calais Campbell,DE,"$6,000,000 ",Arizona Cardinals,DL,ARI,8
LBCaleb JohnsonATL,Caleb Johnson,ILB,"$1,030,000 ",Atlanta Falcons,LB,ATL,5
TECaleb LohnerDEN,Caleb Lohner,TE,"$867,372 ",Denver Broncos,TE,DEN,12
LBCaleb MurphyLAC,Caleb Murphy,OLB,"$1,030,000 ",Los Angeles Chargers,LB,LAC,12
DBCaleb RansawJAC,Caleb Ransaw,CB,"$1,142,014 ",Jacksonville Jaguars,DB,JAC,8
QBCaleb WilliamsCHI,Caleb Williams,QB,"$8,974,104 ",Chicago Bears,QB,CHI,5
DBCalen BullockHOU,Calen Bullock,S,"$1,331,136 ",Houston Texans,DB,HOU,6
DLCalijah KanceyTB,Calijah Kancey,DT,"$3,952,766 ",Tampa Bay Buccaneers,DL,TB,9
WRCalvin Austin IIIPIT,Calvin Austin III,WR,"$1,226,085 ",Pittsburgh Steelers,WR,PIT,5
WRCalvin RidleyTEN,Calvin Ridley,WR,"$28,000,000 ",Tennessee Titans,WR,TEN,10
RBCam AkersNO,Cam Akers,RB,"$1,030,000 ",New Orleans Saints,RB,NO,11
DBCam BynumIND,Cam Bynum,FS,"$7,010,000 ",Indianapolis Colts,DB,IND,11
WRCam CamperJAC,Cam Camper,WR,"$841,666 ",Jacksonville Jaguars,WR,JAC,8
TECam GrandyCIN,Cam Grandy,TE,"$980,000 ",Cincinnati Bengals,TE,CIN,10
DBCam HartLAC,Cam Hart,CB,"$1,050,982 ",Los Angeles Chargers,DB,LAC,12
DLCam HorsleyTEN,Cam Horsley,DT,"$845,000 ",Tennessee Titans,DL,TEN,10
DLCam JacksonCAR,Cam Jackson,DT,"$958,289 ",Carolina Panthers,DL,CAR,14
LBCam JonesKC,Cam Jones,LB,"$1,035,000 ",Kansas City Chiefs,LB,KC,10
DBCam LampkinLAR,Cam Lampkin,CB,"$960,000 ",Los Angeles Rams,DB,LAR,8
DBCam LewisBUF,Cam Lewis,CB,"$1,968,500 ",Buffalo Bills,DB,BUF,7
KCam LittleJAC,Cam Little,K,"$994,597 ",Jacksonville Jaguars,K,JAC,8
QBCam MillerLV,Cam Miller,QB,"$883,570 ",Las Vegas Raiders,QB,LV,8
LBCam RileyNE,Cam Riley,LB,"$843,333 ",New England Patriots,LB,NE,14
RBCam SkatteboNYG,Cam Skattebo,RB,"$1,108,260 ",New York Giants,RB,NYG,14
DBCam SmithMIA,Cam Smith,CB,"$1,916,843 ",Miami Dolphins,DB,MIA,12
DBCam Taylor-BrittCIN,Cam Taylor-Britt,CB,"$4,033,314 ",Cincinnati Bengals,DB,CIN,10
DLCam ThomasCLE,Cam Thomas,DE,"$1,406,501 ",Cleveland Browns,DL,CLE,9
DBCam'Ron Silmon-CraigJAC,Cam'Ron Silmon-Craig,S,"$840,500 ",Jacksonville Jaguars,DB,JAC,8
KCameron DickerLAC,Cameron Dicker,K,"$2,725,000 ",Los Angeles Chargers,K,LAC,12
LBCameron GoodeMIA,Cameron Goode,OLB,"$1,030,000 ",Miami Dolphins,LB,MIA,12
DLCameron HeywardPIT,Cameron Heyward,DE,"$19,650,000 ",Pittsburgh Steelers,DL,PIT,5
PCameron JohnstonPIT,Cameron Johnston,P,"$3,458,333 ",Pittsburgh Steelers,P,PIT,5
DLCameron JordanNO,Cameron Jordan,DE,"$9,775,000 ",New Orleans Saints,DL,NO,11
DBCameron McCutcheonPIT,Cameron McCutcheon,CB,"$840,000 ",Pittsburgh Steelers,DB,PIT,5
LBCameron McGroneIND,Cameron McGrone,OLB,"$1,100,000 ",Indianapolis Colts,LB,IND,11
DBCameron MitchellCLE,Cameron Mitchell,CB,"$1,114,308 ",Cleveland Browns,DB,CLE,9
DLCameron SampleCIN,Cameron Sample,DE,"$1,225,000 ",Cincinnati Bengals,DL,CIN,10
QBCameron WardTEN,Cameron Ward,QB,"$8,879,930 ",Tennessee Titans,QB,TEN,10
DBCar'lin VigersWAS,Car'lin Vigers,CB,"$848,333 ",Washington Commanders,DB,WAS,12
DLCarl DavisWAS,Carl Davis,DT,"$1,030,000 ",Washington Commanders,DL,WAS,12
DLCarl GrandersonNO,Carl Granderson,DE,"$6,482,000 ",New Orleans Saints,DL,NO,11
LBCarlos Basham Jr.CAR,Carlos Basham Jr.,OLB,"$1,030,000 ",Carolina Panthers,LB,CAR,14
RBCarlos Washington Jr.ATL,Carlos Washington Jr.,RB,"$960,000 ",Atlanta Falcons,RB,ATL,5
DLCarlos WatkinsTEN,Carlos Watkins,DE,"$1,010,000 ",Tennessee Titans,DL,TEN,10
DBCarlton DavisNE,Carlton Davis,CB,"$11,700,000 ",New England Patriots,DB,NE,14
DBCarrington ValentineGB,Carrington Valentine,CB,"$1,055,176 ",Green Bay Packers,DB,GB,5
LBCarson BruenerPIT,Carson Bruener,LB,"$874,235 ",Pittsburgh Steelers,LB,PIT,5
LBCarson SchwesingerCLE,Carson Schwesinger,LB,"$2,145,527 ",Cleveland Browns,LB,CLE,9
RBCarson SteeleKC,Carson Steele,RB,"$960,000 ",Kansas City Chiefs,RB,KC,10
QBCarter BradleySF,Carter Bradley,QB,"$960,000 ",San Francisco 49ers,QB,SF,14
QBCase KeenumCHI,Case Keenum,QB,"$2,250,000 ",Chicago Bears,QB,CHI,5
DLCasey RogersBUF,Casey Rogers,DT,"$960,000 ",Buffalo Bills,DL,BUF,7
DLCasey ToohillHOU,Casey Toohill,DE,"$1,179,853 ",Houston Texans,DL,HOU,6
WRCasey WashingtonATL,Casey Washington,WR,"$1,008,399 ",Atlanta Falcons,WR,ATL,5
LBCedric GrayTEN,Cedric Gray,LB,"$1,168,623 ",Tennessee Titans,LB,TEN,10
DLCedric JohnsonCIN,Cedric Johnson,DE,"$994,597 ",Cincinnati Bengals,DL,CIN,10
WRCedric TillmanCLE,Cedric Tillman,WR,"$1,530,126 ",Cleveland Browns,WR,CLE,9
WRCedrick WilsonNO,Cedrick Wilson,WR,"$1,670,000 ",New Orleans Saints,WR,NO,11
WRCeeDee LambDAL,CeeDee Lamb,WR,"$15,332,353 ",Dallas Cowboys,WR,DAL,10
LBChad MumaJAC,Chad Muma,LB,"$1,726,489 ",Jacksonville Jaguars,LB,JAC,8
KChad RylandARI,Chad Ryland,K,"$1,030,000 ",Arizona Cardinals,K,ARI,8
DBChamarri ConnerKC,Chamarri Conner,CB,"$1,217,842 ",Kansas City Chiefs,DB,KC,10
WRChandler BrayboyJAC,Chandler Brayboy,WR,"$845,000 ",Jacksonville Jaguars,WR,JAC,8
LBChandler MartinBAL,Chandler Martin,LB,"$846,666 ",Baltimore Ravens,LB,BAL,7
LBChanning TindallMIA,Channing Tindall,LB,"$1,605,198 ",Miami Dolphins,LB,MIA,12
DLCharles OmenihuKC,Charles Omenihu,DE,"$3,670,000 ",Kansas City Chiefs,DL,KC,10
DLCharles SnowdenLV,Charles Snowden,DE,"$960,000 ",Las Vegas Raiders,DL,LV,8
WRCharlie JonesCIN,Charlie Jones,WR,"$1,199,694 ",Cincinnati Bengals,WR,CIN,10
TECharlie KolarBAL,Charlie Kolar,TE,"$1,276,221 ",Baltimore Ravens,TE,BAL,7
TECharlie WoernerATL,Charlie Woerner,TE,"$3,730,000 ",Atlanta Falcons,TE,ATL,5
DBCharvarius WardIND,Charvarius Ward,CB,"$9,026,667 ",Indianapolis Colts,DB,IND,11
RBChase BrownCIN,Chase Brown,RB,"$1,101,539 ",Cincinnati Bengals,RB,CIN,10
WRChase CotaCLE,Chase Cota,WR,"$840,000 ",Cleveland Browns,WR,CLE,9
DBChase LucasSF,Chase Lucas,CB,"$1,030,000 ",San Francisco 49ers,DB,SF,14
KChase McLaughlinTB,Chase McLaughlin,K,"$3,500,000 ",Tampa Bay Buccaneers,K,TB,9
DLChase YoungNO,Chase Young,DE,"$6,842,000 ",New Orleans Saints,DL,NO,11
DBChau Smith-WadeCAR,Chau Smith-Wade,CB,"$1,040,996 ",Carolina Panthers,DB,CAR,14
DBChauncey Gardner-JohnsonHOU,Chauncey Gardner-Johnson,S,"$9,000,000 ",Houston Texans,DB,HOU,6
DLChauncey GolstonNYG,Chauncey Golston,DE,"$4,000,000 ",New York Giants,DL,NYG,14
LBChaz ChamblissMIN,Chaz Chambliss,OLB,"$846,666 ",Minnesota Vikings,LB,MIN,6
LBChazz SurrattSF,Chazz Surratt,ILB,"$1,150,000 ",San Francisco 49ers,LB,SF,14
DBChidobe AwuzieBAL,Chidobe Awuzie,CB,"$1,255,000 ",Baltimore Ravens,DB,BAL,7
DBChigozie AnusiemCLE,Chigozie Anusiem,CB,"$960,000 ",Cleveland Browns,DB,CLE,9
TEChigoziem OkonkwoTEN,Chigoziem Okonkwo,TE,"$3,532,085 ",Tennessee Titans,TE,TEN,10
WRChimere DikeTEN,Chimere Dike,WR,"$1,115,238 ",Tennessee Titans,WR,TEN,10
DLChop RobinsonMIA,Chop Robinson,DE,"$3,403,688 ",Miami Dolphins,DL,MIA,12
WRChris BlairATL,Chris Blair,WR,"$960,000 ",Atlanta Falcons,WR,ATL,5
LBChris BoardNYG,Chris Board,ILB,"$2,350,000 ",New York Giants,LB,NYG,14
KChris BoswellPIT,Chris Boswell,K,"$4,720,000 ",Pittsburgh Steelers,K,PIT,5
DLChris BraswellTB,Chris Braswell,DE,"$1,542,090 ",Tampa Bay Buccaneers,DL,TB,9
RBChris BrooksGB,Chris Brooks,RB,"$1,030,000 ",Green Bay Packers,RB,GB,5
RBChris CollierLV,Chris Collier,RB,"$960,000 ",Las Vegas Raiders,RB,LV,8
DBChris EdmondsCLE,Chris Edmonds,S,"$840,000 ",Cleveland Browns,DB,CLE,9
WRChris GodwinTB,Chris Godwin,WR,"$12,938,000 ",Tampa Bay Buccaneers,WR,TB,9
DLChris JonesKC,Chris Jones,DT,"$23,600,000 ",Kansas City Chiefs,DL,KC,10
TEChris ManhertzNYG,Chris Manhertz,TE,"$1,197,500 ",New York Giants,TE,NYG,14
WRChris MooreWAS,Chris Moore,WR,"$1,030,000 ",Washington Commanders,WR,WAS,12
QBChris OladokunKC,Chris Oladokun,QB,"$840,000 ",Kansas City Chiefs,QB,KC,10
WRChris OlaveNO,Chris Olave,WR,"$6,131,959 ",New Orleans Saints,WR,NO,11
LBChris Paul Jr.LAR,Chris Paul Jr.,LB,"$920,054 ",Los Angeles Rams,LB,LAR,8
RBChris Rodriguez Jr.WAS,Chris Rodriguez Jr.,RB,"$1,030,000 ",Washington Commanders,RB,WAS,12
LBChris Rumph IINO,Chris Rumph II,OLB,"$1,100,000 ",New Orleans Saints,LB,NO,11
DLChris SmithDET,Chris Smith,DT,"$960,000 ",Detroit Lions,DL,DET,8
WRChris TyreeNO,Chris Tyree,WR,"$843,333 ",New Orleans Saints,WR,NO,11
DLChris WilliamsCHI,Chris Williams,DT,"$3,263,000 ",Chicago Bears,DL,CHI,5
DLChristian BarmoreNE,Christian Barmore,DT,"$14,125,000 ",New England Patriots,DL,NE,14
DBChristian BenfordBUF,Christian Benford,CB,"$2,648,569 ",Buffalo Bills,DB,BUF,7
DBChristian BraswellJAC,Christian Braswell,CB,"$1,030,000 ",Jacksonville Jaguars,DB,JAC,8
LBChristian EllissNE,Christian Elliss,OLB,"$4,842,000 ",New England Patriots,LB,NE,14
DBChristian GonzalezNE,Christian Gonzalez,CB,"$4,118,964 ",New England Patriots,DB,NE,14
LBChristian HarrisHOU,Christian Harris,LB,"$3,673,409 ",Houston Texans,LB,HOU,6
DBChristian IzienTB,Christian Izien,S,"$1,033,334 ",Tampa Bay Buccaneers,DB,TB,9
WRChristian KirkHOU,Christian Kirk,WR,"$4,839,294 ",Houston Texans,WR,HOU,6
DBChristian MatthewDAL,Christian Matthew,CB,"$1,030,000 ",Dallas Cowboys,DB,DAL,10
RBChristian McCaffreySF,Christian McCaffrey,RB,"$8,369,119 ",San Francisco 49ers,RB,SF,14
DBChristian Roland-WallaceKC,Christian Roland-Wallace,CB,"$961,666 ",Kansas City Chiefs,DB,KC,10
LBChristian RozeboomCAR,Christian Rozeboom,ILB,"$2,500,000 ",Carolina Panthers,LB,CAR,14
WRChristian WatsonGB,Christian Watson,WR,"$2,940,329 ",Green Bay Packers,WR,GB,5
DLChristopher HintonLAC,Christopher Hinton,DT,"$1,030,000 ",Los Angeles Chargers,DL,LAC,12
DBChristopher Smith IILV,Christopher Smith II,S,"$1,091,244 ",Las Vegas Raiders,DB,LV,8
RBChuba HubbardCAR,Chuba Hubbard,RB,"$5,756,100 ",Carolina Panthers,RB,CAR,14
DBChuck ClarkPIT,Chuck Clark,S,"$1,197,500 ",Pittsburgh Steelers,DB,PIT,5
DLCJ WestSF,CJ West,DT,"$1,092,772 ",San Francisco 49ers,DL,SF,14
DBClarence LewisTEN,Clarence Lewis,CB,"$845,000 ",Tennessee Titans,DB,TEN,10
DBClark Phillips IIIATL,Clark Phillips III,CB,"$1,223,382 ",Atlanta Falcons,DB,ATL,5
LBClaudin CherelusCAR,Claudin Cherelus,ILB,"$1,030,000 ",Carolina Panthers,LB,CAR,14
QBClayton TuneARI,Clayton Tune,QB,"$1,117,656 ",Arizona Cardinals,QB,ARI,8
DLClelin FerrellWAS,Clelin Ferrell,DE,"$1,880,000 ",Washington Commanders,DL,WAS,12
RBClyde Edwards-HelaireNO,Clyde Edwards-Helaire,RB,"$1,030,000 ",New Orleans Saints,RB,NO,11
DBCobee BryantATL,Cobee Bryant,CB,"$853,333 ",Atlanta Falcons,DB,ATL,5
DBCoby BryantSEA,Coby Bryant,CB,"$3,607,951 ",Seattle Seahawks,DB,SEA,8
LBCody BartonTEN,Cody Barton,ILB,"$4,060,000 ",Tennessee Titans,LB,TEN,10
LBCody LindenbergLV,Cody Lindenberg,LB,"$875,292 ",Las Vegas Raiders,LB,LV,8
RBCody SchraderLAR,Cody Schrader,RB,"$960,000 ",Los Angeles Rams,RB,LAR,8
LBCody SimonARI,Cody Simon,LB,"$1,091,190 ",Arizona Cardinals,LB,ARI,8
WRCody WhiteSEA,Cody White,WR,"$1,030,000 ",Seattle Seahawks,WR,SEA,8
TEColby ParkinsonLAR,Colby Parkinson,TE,"$9,833,333 ",Los Angeles Rams,TE,LAR,8
DLColby WoodenGB,Colby Wooden,DE,"$1,221,982 ",Green Bay Packers,DL,GB,5
DBCole BishopBUF,Cole Bishop,S,"$1,488,181 ",Buffalo Bills,DB,BUF,7
WRCole BurgessCIN,Cole Burgess,WR,"$840,000 ",Cincinnati Bengals,WR,CIN,10
LBCole ChristiansenKC,Cole Christiansen,ILB,"$1,100,000 ",Kansas City Chiefs,LB,KC,10
TECole FotheringhamNE,Cole Fotheringham,TE,"$840,000 ",New England Patriots,TE,NE,14
LBCole HolcombPIT,Cole Holcomb,LB,"$3,640,000 ",Pittsburgh Steelers,LB,PIT,5
TECole KmetCHI,Cole Kmet,TE,"$11,600,000 ",Chicago Bears,TE,CHI,5
TECole TurnerWAS,Cole Turner,TE,"$1,030,000 ",Washington Commanders,TE,WAS,12
WRColeman OwenIND,Coleman Owen,WR,"$842,666 ",Indianapolis Colts,WR,IND,11
WRCollin JohnsonLV,Collin Johnson,WR,"$1,030,000 ",Las Vegas Raiders,WR,LV,8
DLCollin OliverGB,Collin Oliver,DE,"$941,021 ",Green Bay Packers,DL,GB,5
TEColson YankoffWAS,Colson Yankoff,TE,"$963,333 ",Washington Commanders,TE,WAS,12
TEColston LovelandCHI,Colston Loveland,TE,"$4,842,910 ",Chicago Bears,TE,CHI,5
QBConnor BazelakTB,Connor Bazelak,QB,"$843,333 ",Tampa Bay Buccaneers,QB,TB,9
TEConnor HeywardPIT,Connor Heyward,TE,"$1,138,806 ",Pittsburgh Steelers,TE,PIT,5
DLConnor O'TooleSEA,Connor O'Toole,DE,"$850,000 ",Seattle Seahawks,DL,SEA,8
DBCooper DeJeanPHI,Cooper DeJean,CB,"$2,109,914 ",Philadelphia Eagles,DB,PHI,9
WRCooper KuppSEA,Cooper Kupp,WR,"$9,350,000 ",Seattle Seahawks,WR,SEA,8
LBCooper McDonaldKC,Cooper McDonald,LB,"$840,000 ",Kansas City Chiefs,LB,KC,10
QBCooper RushBAL,Cooper Rush,QB,"$1,904,000 ",Baltimore Ravens,QB,BAL,7
DBCordale FlottNYG,Cordale Flott,CB,"$3,654,062 ",New York Giants,DB,NYG,14
DBCorey BallentineGB,Corey Ballentine,CB,"$1,170,000 ",Green Bay Packers,DB,GB,5
PCorey BojorquezCLE,Corey Bojorquez,P,"$2,437,500 ",Cleveland Browns,P,CLE,9
RBCorey KinerSF,Corey Kiner,RB,"$848,333 ",San Francisco 49ers,RB,SF,14
DBCorey ThorntonCAR,Corey Thornton,CB,"$843,333 ",Carolina Panthers,DB,CAR,14
PCorliss WaitmanPIT,Corliss Waitman,P,"$1,100,000 ",Pittsburgh Steelers,P,PIT,5
WRCornelius JohnsonGB,Cornelius Johnson,WR,"$840,000 ",Green Bay Packers,WR,GB,5
DBCornell ArmstrongMIA,Cornell Armstrong,CB,"$1,030,000 ",Miami Dolphins,DB,MIA,12
DLCory DurdenNYG,Cory Durden,DT,"$1,030,000 ",New York Giants,DL,NYG,14
DBCory Trice Jr.PIT,Cory Trice Jr.,CB,"$1,051,109 ",Pittsburgh Steelers,DB,PIT,5
WRCourtland SuttonDEN,Courtland Sutton,WR,"$13,900,000 ",Denver Broncos,WR,DEN,12
WRCourtney JacksonDEN,Courtney Jackson,WR,"$841,666 ",Denver Broncos,WR,DEN,12
DLCoziah IzzardKC,Coziah Izzard,DT,"$848,333 ",Kansas City Chiefs,DL,KC,10
RBCraig ReynoldsDET,Craig Reynolds,RB,"$1,180,000 ",Detroit Lions,RB,DET,8
DBCraig WoodsonNE,Craig Woodson,S,"$1,106,611 ",New England Patriots,DB,NE,14
LBCurtis JacobsTEN,Curtis Jacobs,LB,"$960,000 ",Tennessee Titans,LB,TEN,10
LBCurtis RobinsonSF,Curtis Robinson,OLB,"$1,030,000 ",San Francisco 49ers,LB,SF,14
WRCurtis SamuelBUF,Curtis Samuel,WR,"$9,065,000 ",Buffalo Bills,WR,BUF,7
DLD.J. DavidsonNYG,D.J. Davidson,DT,"$1,188,529 ",New York Giants,DL,NYG,14
DBD.J. IveyCIN,D.J. Ivey,CB,"$1,050,163 ",Cincinnati Bengals,DB,CIN,10
DBD.J. JamesNE,D.J. James,CB,"$840,000 ",New England Patriots,DB,NE,14
LBD.J. JohnsonCAR,D.J. Johnson,OLB,"$1,500,814 ",Carolina Panthers,LB,CAR,14
DLD.J. JonesDEN,D.J. Jones,DT,"$6,600,000 ",Denver Broncos,DL,DEN,12
DBD.J. MillerDET,D.J. Miller,S,"$840,000 ",Detroit Lions,DB,DET,8
DLD.J. ReaderDET,D.J. Reader,DT,"$12,933,000 ",Detroit Lions,DL,DET,8
DBD.J. ReedDET,D.J. Reed,CB,"$4,722,000 ",Detroit Lions,DB,DET,8
DBD.J. TurnerCIN,D.J. Turner,CB,"$1,680,012 ",Cincinnati Bengals,DB,CIN,10
LBD.J. WonnumCAR,D.J. Wonnum,OLB,"$7,875,000 ",Carolina Panthers,LB,CAR,14
RBD'Andre SwiftCHI,D'Andre Swift,RB,"$9,333,333 ",Chicago Bears,RB,CHI,5
DBD'Angelo RossHOU,D'Angelo Ross,CB,"$1,107,500 ",Houston Texans,DB,HOU,6
DBD’Anthony BellSEA,D’Anthony Bell,S,"$1,370,000 ",Seattle Seahawks,DB,SEA,8
LBD'Marco JacksonNO,D'Marco Jackson,ILB,"$1,179,229 ",New Orleans Saints,LB,NO,11
DBD’Shawn JamisonPIT,D’Shawn Jamison,CB,"$960,000 ",Pittsburgh Steelers,DB,PIT,5
WRD'Wayne EskridgeMIA,D'Wayne Eskridge,WR,"$1,065,294 ",Miami Dolphins,WR,MIA,12
DLDa’Jon TerryLAR,Da’Jon Terry,DT,"$842,666 ",Los Angeles Rams,DL,LAR,8
WRDa'Quan FeltonNYG,Da'Quan Felton,WR,"$850,000 ",New York Giants,WR,NYG,14
DLDa'shawn HandLAC,Da'shawn Hand,DE,"$2,750,000 ",Los Angeles Chargers,DL,LAC,12
DBDadrion Taylor-DemersonARI,Dadrion Taylor-Demerson,S,"$1,171,711 ",Arizona Cardinals,DB,ARI,8
DBDaequan HardyBUF,Daequan Hardy,CB,"$844,250 ",Buffalo Bills,DB,BUF,7
DBDaijahn AnthonyCIN,Daijahn Anthony,S,"$989,446 ",Cincinnati Bengals,DB,CIN,10
LBDaiyan HenleyLAC,Daiyan Henley,LB,"$1,478,297 ",Los Angeles Chargers,LB,LAC,12
QBDak PrescottDAL,Dak Prescott,QB,"$50,518,430 ",Dallas Cowboys,QB,DAL,10
WRDalen CambreNYG,Dalen Cambre,WR,"$840,000 ",New York Giants,WR,NYG,14
WRDalevon CampbellLAC,Dalevon Campbell,WR,"$840,666 ",Los Angeles Chargers,WR,LAC,12
LBDallas GantPHI,Dallas Gant,ILB,"$840,000 ",Philadelphia Eagles,LB,PHI,9
TEDallas GoedertPHI,Dallas Goedert,TE,"$10,714,463 ",Philadelphia Eagles,TE,PHI,9
LBDallas TurnerMIN,Dallas Turner,OLB,"$3,583,378 ",Minnesota Vikings,LB,MIN,6
DBDallis FlowersSF,Dallis Flowers,CB,"$1,100,000 ",San Francisco 49ers,DB,SF,14
TEDalton KincaidBUF,Dalton Kincaid,TE,"$3,661,915 ",Buffalo Bills,TE,BUF,7
TEDalton SchultzHOU,Dalton Schultz,TE,"$14,000,000 ",Houston Texans,TE,HOU,6
DLDalvin TomlinsonARI,Dalvin Tomlinson,DT,"$7,644,117 ",Arizona Cardinals,DL,ARI,8
DBDalys BeanumNO,Dalys Beanum,CB,"$845,000 ",New Orleans Saints,DB,NO,11
DBDamar HamlinBUF,Damar Hamlin,S,"$1,337,500 ",Buffalo Bills,DB,BUF,7
DBDamarion WilliamsSEA,Damarion Williams,CB,"$1,030,000 ",Seattle Seahawks,DB,SEA,8
DBDamarri MathisDEN,Damarri Mathis,CB,"$3,600,741 ",Denver Broncos,DB,DEN,12
RBDameon PierceHOU,Dameon Pierce,RB,"$1,303,858 ",Houston Texans,RB,HOU,6
RBDamien MartinezSEA,Damien Martinez,RB,"$874,736 ",Seattle Seahawks,RB,SEA,8
DBDamon ArnetteHOU,Damon Arnette,CB,"$1,030,000 ",Houston Texans,DB,HOU,6
LBDamone ClarkDAL,Damone Clark,LB,"$3,466,638 ",Dallas Cowboys,LB,DAL,10
DBDamontae KazeeCLE,Damontae Kazee,S,"$1,422,500 ",Cleveland Browns,DB,CLE,9
DBDane BeltonNYG,Dane Belton,S,"$1,296,122 ",New York Giants,DB,NYG,14
DBDane JacksonBUF,Dane Jackson,CB,"$1,337,500 ",Buffalo Bills,DB,BUF,7
TEDaniel BellingerNYG,Daniel Bellinger,TE,"$3,604,276 ",New York Giants,TE,NYG,14
KDaniel CarlsonLV,Daniel Carlson,K,"$5,150,000 ",Las Vegas Raiders,K,LV,8
DLDaniel EkualePIT,Daniel Ekuale,DT,"$2,800,000 ",Pittsburgh Steelers,DL,PIT,5
DLDaniel HardyCHI,Daniel Hardy,DE,"$1,030,000 ",Chicago Bears,DL,CHI,5
WRDaniel JacksonHOU,Daniel Jackson,WR,"$845,000 ",Houston Texans,WR,HOU,6
QBDaniel JonesIND,Daniel Jones,QB,"$14,500,000 ",Indianapolis Colts,QB,IND,11
DBDaniel ScottIND,Daniel Scott,S,"$916,959 ",Indianapolis Colts,DB,IND,11
DBDaniel ThomasJAC,Daniel Thomas,S,"$2,275,735 ",Jacksonville Jaguars,DB,JAC,8
PDaniel WhelanGB,Daniel Whelan,P,"$1,030,000 ",Green Bay Packers,P,GB,5
DLDanielle HunterHOU,Danielle Hunter,DE,"$20,200,000 ",Houston Texans,DL,HOU,6
DLDanny StriggowJAC,Danny Striggow,DE,"$846,666 ",Jacksonville Jaguars,DL,JAC,8
LBDanny StutsmanNO,Danny Stutsman,LB,"$1,097,091 ",New Orleans Saints,LB,NO,11
DLDante Fowler Jr.DAL,Dante Fowler Jr.,DE,"$6,000,000 ",Dallas Cowboys,DL,DAL,10
RBDante MillerNYG,Dante Miller,RB,"$960,000 ",New York Giants,RB,NYG,14
WRDante PettisNO,Dante Pettis,WR,"$1,030,000 ",New Orleans Saints,WR,NO,11
DLDante StillsARI,Dante Stills,DT,"$1,063,334 ",Arizona Cardinals,DL,ARI,8
DBDante Trader Jr.MIA,Dante Trader Jr.,S,"$943,696 ",Miami Dolphins,DB,MIA,12
DLDaQuan JonesBUF,DaQuan Jones,DT,"$9,408,000 ",Buffalo Bills,DL,BUF,7
RBDare OgunbowaleHOU,Dare Ogunbowale,RB,"$1,800,000 ",Houston Texans,RB,HOU,6
WRDareke YoungSEA,Dareke Young,WR,"$1,125,275 ",Seattle Seahawks,WR,SEA,8
DBDarien PorterLV,Darien Porter,CB,"$1,222,562 ",Las Vegas Raiders,DB,LV,8
DBDarious WilliamsLAR,Darious Williams,CB,"$9,166,666 ",Los Angeles Rams,DB,LAR,8
DLDarius AlexanderNYG,Darius Alexander,DT,"$1,229,467 ",New York Giants,DL,NYG,14
WRDarius CooperPHI,Darius Cooper,WR,"$845,000 ",Philadelphia Eagles,WR,PHI,9
LBDarius HarrisDAL,Darius Harris,OLB,"$1,030,000 ",Dallas Cowboys,LB,DAL,10
WRDarius LassiterJAC,Darius Lassiter,WR,"$841,666 ",Jacksonville Jaguars,WR,JAC,8
LBDarius MuasauNYG,Darius Muasau,LB,"$1,010,228 ",New York Giants,LB,NYG,14
DLDarius RobinsonARI,Darius Robinson,DE,"$3,152,120 ",Arizona Cardinals,DL,ARI,8
DBDarius SlayPIT,Darius Slay,CB,"$10,000,000 ",Pittsburgh Steelers,DB,PIT,5
WRDarius SlaytonNYG,Darius Slayton,WR,"$6,970,593 ",New York Giants,WR,NYG,14
DBDarnay HolmesLV,Darnay Holmes,CB,"$1,055,000 ",Las Vegas Raiders,DB,LV,8
WRDarnell MooneyATL,Darnell Mooney,WR,"$14,480,000 ",Atlanta Falcons,WR,ATL,5
DBDarnell SavageJAC,Darnell Savage,S,"$4,682,353 ",Jacksonville Jaguars,DB,JAC,8
TEDarnell WashingtonPIT,Darnell Washington,TE,"$1,460,157 ",Pittsburgh Steelers,TE,PIT,5
DBDaRon BlandDAL,DaRon Bland,CB,"$5,422,197 ",Dallas Cowboys,DB,DAL,10
LBDaRon GilbertDET,DaRon Gilbert,OLB,"$840,000 ",Detroit Lions,LB,DET,8
DLDaron PayneWAS,Daron Payne,DT,"$26,170,000 ",Washington Commanders,DL,WAS,12
DBDarrell Baker Jr.TEN,Darrell Baker Jr.,CB,"$1,100,000 ",Tennessee Titans,DB,TEN,10
DBDarrell Luter Jr.SF,Darrell Luter Jr.,CB,"$1,108,378 ",San Francisco 49ers,DB,SF,14
LBDarrell TaylorHOU,Darrell Taylor,OLB,"$4,970,588 ",Houston Texans,LB,HOU,6
DBDarren HallARI,Darren Hall,CB,"$1,100,000 ",Arizona Cardinals,DB,ARI,8
TEDarren WallerMIA,Darren Waller,TE,"$2,000,000 ",Miami Dolphins,TE,MIA,12
DBDarrick ForrestBUF,Darrick Forrest,S,"$1,197,500 ",Buffalo Bills,DB,BUF,7
RBDarrynton EvansBUF,Darrynton Evans,RB,"$1,070,000 ",Buffalo Bills,RB,BUF,7
WRDavante AdamsLAR,Davante Adams,WR,"$12,000,000 ",Los Angeles Rams,WR,LAR,8
WRDavid BellCLE,David Bell,WR,"$1,392,942 ",Cleveland Browns,WR,CLE,9
LBDavid GbendaTEN,David Gbenda,LB,"$844,166 ",Tennessee Titans,LB,TEN,10
TEDavid Martin-RobinsonTEN,David Martin-Robinson,TE,"$962,500 ",Tennessee Titans,TE,TEN,10
RBDavid MontgomeryDET,David Montgomery,RB,"$8,280,833 ",Detroit Lions,RB,DET,8
WRDavid MooreCAR,David Moore,WR,"$1,197,500 ",Carolina Panthers,WR,CAR,14
TEDavid NjokuCLE,David Njoku,TE,"$11,436,058 ",Cleveland Browns,TE,CLE,9
LBDavid OjaboBAL,David Ojabo,OLB,"$2,516,538 ",Baltimore Ravens,LB,BAL,7
DLDavid OnyemataATL,David Onyemata,DT,"$16,925,000 ",Atlanta Falcons,DL,ATL,5
WRDavid SillsATL,David Sills,WR,"$1,100,000 ",Atlanta Falcons,WR,ATL,5
TEDavid ThomasNO,David Thomas,TE,"$1,176,000 ",New Orleans Saints,TE,NO,11
DBDavion RossTEN,Davion Ross,CB,"$843,333 ",Tennessee Titans,DB,TEN,10
TEDavis AllenLAR,Davis Allen,TE,"$1,091,244 ",Los Angeles Rams,TE,LAR,8
QBDavis MillsHOU,Davis Mills,QB,"$4,983,000 ",Houston Texans,QB,HOU,6
DLDavon GodchauxNO,Davon Godchaux,DT,"$1,944,000 ",New Orleans Saints,DL,NO,11
DLDaVon HamiltonJAC,DaVon Hamilton,DT,"$10,808,000 ",Jacksonville Jaguars,DL,JAC,8
TEDawson KnoxBUF,Dawson Knox,TE,"$14,568,000 ",Buffalo Bills,TE,BUF,7
DLDawuane SmootJAC,Dawuane Smoot,DE,"$1,500,000 ",Jacksonville Jaguars,DL,JAC,8
DBDax HillCIN,Dax Hill,CB,"$3,712,231 ",Cincinnati Bengals,DB,CIN,10
DLDayo OdeyingboCHI,Dayo Odeyingbo,DE,"$8,000,000 ",Chicago Bears,DL,CHI,5
RBDe'Von AchaneMIA,De'Von Achane,RB,"$1,482,941 ",Miami Dolphins,RB,MIA,12
DBDean ClarkNYJ,Dean Clark,S,"$846,666 ",New York Jets,DB,NYJ,9
WRDeandre CarterCLE,Deandre Carter,WR,"$1,197,500 ",Cleveland Browns,WR,CLE,9
WRDeAndre HopkinsBAL,DeAndre Hopkins,WR,"$2,004,000 ",Baltimore Ravens,WR,BAL,7
DBDeane LeonardLAC,Deane Leonard,CB,"$1,124,916 ",Los Angeles Chargers,DB,LAC,12
LBDeAngelo MaloneATL,DeAngelo Malone,OLB,"$1,663,958 ",Atlanta Falcons,LB,ATL,5
DBDeantre PrinceJAC,Deantre Prince,CB,"$1,043,057 ",Jacksonville Jaguars,DB,JAC,8
DLDeatrich WiseWAS,Deatrich Wise,DE,"$3,160,000 ",Washington Commanders,DL,WAS,12
DBDecamerion RichardsonLV,Decamerion Richardson,CB,"$1,160,254 ",Las Vegas Raiders,DB,LV,8
DBDecobie DurantLAR,Decobie Durant,CB,"$3,532,085 ",Los Angeles Rams,DB,LAR,8
DBDee AlfordATL,Dee Alford,CB,"$1,490,000 ",Atlanta Falcons,DB,ATL,5
WRDee WilliamsNYG,Dee Williams,WR,"$960,000 ",New York Giants,WR,NYG,14
LBDee WintersSF,Dee Winters,LB,"$1,063,334 ",San Francisco 49ers,LB,SF,14
WRDeebo Samuel Sr.WAS,Deebo Samuel Sr.,WR,"$5,156,105 ",Washington Commanders,WR,WAS,12
RBDeeJay DallasARI,DeeJay Dallas,RB,"$3,083,333 ",Arizona Cardinals,RB,ARI,8
DLDeForest BucknerIND,DeForest Buckner,DT,"$26,600,000 ",Indianapolis Colts,DL,IND,11
RBDeion HankinsCHI,Deion Hankins,RB,"$840,000 ",Chicago Bears,RB,CHI,5
LBDeion JonesTB,Deion Jones,OLB,"$1,030,000 ",Tampa Bay Buccaneers,LB,TB,9
LBDel'Shawn PhillipsLAC,Del'Shawn Phillips,OLB,"$2,000,000 ",Los Angeles Chargers,LB,LAC,12
DBDelarrin Turner-YellDEN,Delarrin Turner-Yell,S,"$1,183,264 ",Denver Broncos,DB,DEN,12
DBDell PettusNE,Dell Pettus,S,"$963,000 ",New England Patriots,DB,NE,14
DBDemani RichardsonCAR,Demani Richardson,S,"$960,000 ",Carolina Panthers,DB,CAR,14
DBDeMarcco HellamsATL,DeMarcco Hellams,S,"$1,056,575 ",Atlanta Falcons,DB,ATL,5
DLDeMarcus LawrenceSEA,DeMarcus Lawrence,DE,"$7,683,333 ",Seattle Seahawks,DL,SEA,8
WRDemarcus RobinsonSF,Demarcus Robinson,WR,"$2,144,000 ",San Francisco 49ers,WR,SF,14
LBDemario DavisNO,Demario Davis,ILB,"$6,932,000 ",New Orleans Saints,LB,NO,11
WRDemario DouglasNE,Demario Douglas,WR,"$1,063,333 ",New England Patriots,WR,NE,14
LBDeMarvin LealPIT,DeMarvin Leal,OLB,"$1,650,376 ",Pittsburgh Steelers,LB,PIT,5
LBDeMarvion OvershownDAL,DeMarvion Overshown,LB,"$1,470,007 ",Dallas Cowboys,LB,DAL,10
WRDemetric FeltonWAS,Demetric Felton,WR,"$1,030,000 ",Washington Commanders,WR,WAS,12
LBDemetrius Flannigan-FowlesNYG,Demetrius Flannigan-Fowles,ILB,"$1,197,500 ",New York Giants,LB,NYG,14
LBDemetrius Knight Jr.CIN,Demetrius Knight Jr.,LB,"$1,638,636 ",Cincinnati Bengals,LB,CIN,10
DLDenico AutryHOU,Denico Autry,DE,"$6,588,235 ",Houston Texans,DL,HOU,6
LBDennis GardeckJAC,Dennis Gardeck,OLB,"$1,705,882 ",Jacksonville Jaguars,LB,JAC,8
WRDennis HoustonTB,Dennis Houston,WR,"$840,000 ",Tampa Bay Buccaneers,WR,TB,9
DBDenzel BurkeARI,Denzel Burke,CB,"$920,054 ",Arizona Cardinals,DB,ARI,8
LBDenzel PerrymanLAC,Denzel Perryman,ILB,"$2,266,765 ",Los Angeles Chargers,LB,LAC,12
DBDenzel WardCLE,Denzel Ward,CB,"$24,560,505 ",Cleveland Browns,DB,CLE,9
DBDeommodore LenoirSF,Deommodore Lenoir,CB,"$5,831,765 ",San Francisco 49ers,DB,SF,14
DBDeon BushKC,Deon Bush,S,"$1,030,000 ",Kansas City Chiefs,DB,KC,10
WRDeon CainBUF,Deon Cain,WR,"$960,000 ",Buffalo Bills,WR,BUF,7
DLDeone WalkerBUF,Deone Walker,DT,"$1,101,760 ",Buffalo Bills,DL,BUF,7
DBDeonte BanksNYG,Deonte Banks,CB,"$3,703,471 ",New York Giants,DB,NYG,14
LBDequan JacksonMIA,Dequan Jackson,LB,"$840,000 ",Miami Dolphins,LB,MIA,12
DLDerek BarnettHOU,Derek Barnett,DE,"$3,985,294 ",Houston Texans,DL,HOU,6
DBDerek Stingley Jr.HOU,Derek Stingley Jr.,CB,"$12,027,366 ",Houston Texans,DB,HOU,6
DLDerick HallSEA,Derick Hall,DE,"$2,486,067 ",Seattle Seahawks,DL,SEA,8
DBDerion KendrickLAR,Derion Kendrick,CB,"$1,030,000 ",Los Angeles Rams,DB,LAR,8
WRDerius DavisLAC,Derius Davis,WR,"$1,207,983 ",Los Angeles Chargers,WR,LAC,12
LBDerrick BarnesDET,Derrick Barnes,OLB,"$2,524,000 ",Detroit Lions,LB,DET,8
DLDerrick BrownCAR,Derrick Brown,DT,"$18,740,000 ",Carolina Panthers,DL,CAR,14
DBDerrick CanteenSF,Derrick Canteen,S,"$840,000 ",San Francisco 49ers,DB,SF,14
DLDerrick HarmonPIT,Derrick Harmon,DT,"$3,267,928 ",Pittsburgh Steelers,DL,PIT,5
RBDerrick HenryBAL,Derrick Henry,RB,"$8,499,000 ",Baltimore Ravens,RB,BAL,7
LBDerrick McLendonMIA,Derrick McLendon,OLB,"$840,000 ",Miami Dolphins,LB,MIA,12
DLDerrick NnadiNYJ,Derrick Nnadi,DT,"$1,197,500 ",New York Jets,DL,NYJ,9
DBDerwin James Jr.LAC,Derwin James Jr.,SS,"$23,856,400 ",Los Angeles Chargers,DB,LAC,12
QBDeshaun WatsonCLE,Deshaun Watson,QB,"$35,971,514 ",Cleveland Browns,QB,CLE,9
DBDeshon ElliottPIT,Deshon Elliott,S,"$3,920,000 ",Pittsburgh Steelers,DB,PIT,5
DLDesjuan JohnsonLAR,Desjuan Johnson,DT,"$1,049,444 ",Los Angeles Rams,DL,LAR,8
DLDeslin AlexandreGB,Deslin Alexandre,DE,"$840,000 ",Green Bay Packers,DL,GB,5
DLDesmond EvansTEN,Desmond Evans,DE,"$843,333 ",Tennessee Titans,DL,TEN,10
DBDesmond IgbinosunBAL,Desmond Igbinosun,CB,"$840,333 ",Baltimore Ravens,DB,BAL,7
DLDesmond LittleIND,Desmond Little,DE,"$843,333 ",Indianapolis Colts,DL,IND,11
QBDesmond RidderCIN,Desmond Ridder,QB,"$1,100,000 ",Cincinnati Bengals,QB,CIN,10
DLDesmond WatsonTB,Desmond Watson,DT,"$846,666 ",Tampa Bay Buccaneers,DL,TB,9
RBDeuce VaughnDAL,Deuce Vaughn,RB,"$1,063,334 ",Dallas Cowboys,RB,DAL,10
WRDevaughn VeleNO,Devaughn Vele,WR,"$986,120 ",New Orleans Saints,WR,NO,11
LBDevin BushCLE,Devin Bush,OLB,"$1,795,000 ",Cleveland Browns,LB,CLE,9
TEDevin CulpTB,Devin Culp,TE,"$981,546 ",Tampa Bay Buccaneers,TE,TB,9
WRDevin DuvernayCHI,Devin Duvernay,WR,"$1,197,500 ",Chicago Bears,WR,CHI,5
LBDevin HarperPIT,Devin Harper,ILB,"$1,030,000 ",Pittsburgh Steelers,LB,PIT,5
QBDevin LearyBAL,Devin Leary,QB,"$840,000 ",Baltimore Ravens,QB,BAL,7
LBDevin LloydJAC,Devin Lloyd,ILB,"$4,116,193 ",Jacksonville Jaguars,LB,JAC,8
RBDevin NealNO,Devin Neal,RB,"$902,828 ",New Orleans Saints,RB,NO,11
RBDevin SingletaryNYG,Devin Singletary,RB,"$6,250,000 ",New York Giants,RB,NYG,14
LBDevin WhiteLV,Devin White,ILB,"$1,030,000 ",Las Vegas Raiders,LB,LV,8
DBDevon KeyDEN,Devon Key,S,"$960,000 ",Denver Broncos,DB,DEN,12
DBDevon WitherspoonSEA,Devon Witherspoon,CB,"$8,689,405 ",Seattle Seahawks,DB,SEA,8
DLDevonta DavisIND,Devonta Davis,DT,"$841,000 ",Indianapolis Colts,DL,IND,11
WRDeVonta SmithPHI,DeVonta Smith,WR,"$7,524,510 ",Philadelphia Eagles,WR,PHI,9
DLDevonte WyattGB,Devonte Wyatt,DT,"$4,092,195 ",Green Bay Packers,DL,GB,5
WRDevontez WalkerBAL,Devontez Walker,WR,"$1,159,463 ",Baltimore Ravens,WR,BAL,7
DLDeWayne CarterBUF,DeWayne Carter,DT,"$1,276,829 ",Buffalo Bills,DL,BUF,7
DLDexter Lawrence IINYG,Dexter Lawrence II,DT,"$23,664,012 ",New York Giants,DL,NYG,14
WRDez FitzpatrickLAC,Dez Fitzpatrick,WR,"$1,030,000 ",Los Angeles Chargers,WR,LAC,12
DBDicaprio BootleDET,Dicaprio Bootle,CB,"$1,030,000 ",Detroit Lions,DB,DET,8
QBDillon GabrielCLE,Dillon Gabriel,QB,"$1,132,058 ",Cleveland Browns,QB,CLE,9
WRDiontae JohnsonCLE,Diontae Johnson,WR,"$1,030,000 ",Cleveland Browns,WR,CLE,9
LBDivine DeabloATL,Divine Deablo,ILB,"$4,940,000 ",Atlanta Falcons,LB,ATL,5
WRDJ CharkATL,DJ Chark,WR,"$1,075,000 ",Atlanta Falcons,WR,ATL,5
RBDJ GiddensIND,DJ Giddens,RB,"$946,186 ",Indianapolis Colts,RB,IND,11
WRDJ MontgomeryIND,DJ Montgomery,WR,"$1,030,000 ",Indianapolis Colts,WR,IND,11
WRDJ MooreCHI,DJ Moore,WR,"$24,900,000 ",Chicago Bears,WR,CHI,5
TEDJ Thomas-JonesPIT,DJ Thomas-Jones,TE,"$850,000 ",Pittsburgh Steelers,TE,PIT,5
QBDJ UiagaleleiLAC,DJ Uiagalelei,QB,"$841,000 ",Los Angeles Chargers,QB,LAC,12
WRDK MetcalfPIT,DK Metcalf,WR,"$11,000,000 ",Pittsburgh Steelers,WR,PIT,5
DBDom JonesCLE,Dom Jones,CB,"$843,333 ",Cleveland Browns,DB,CLE,9
DLDomenique DavisPIT,Domenique Davis,DT,"$840,000 ",Pittsburgh Steelers,DL,PIT,5
WRDominic LovettDET,Dominic Lovett,WR,"$866,693 ",Detroit Lions,WR,DET,8
TEDominique DafneyCAR,Dominique Dafney,TE,"$1,030,000 ",Carolina Panthers,TE,CAR,14
DBDominique HamptonWAS,Dominique Hampton,S,"$1,038,321 ",Washington Commanders,DB,WAS,12
DLDominique RobinsonCHI,Dominique Robinson,DE,"$1,168,289 ",Chicago Bears,DL,CHI,5
LBDondrea TillmanDEN,Dondrea Tillman,OLB,"$960,000 ",Denver Broncos,LB,DEN,12
DBDoneiko SlaughterJAC,Doneiko Slaughter,S,"$845,000 ",Jacksonville Jaguars,DB,JAC,8
RBDonovan EdwardsNYJ,Donovan Edwards,RB,"$846,666 ",New York Jets,RB,NYJ,9
DLDonovan EzeiruakuDAL,Donovan Ezeiruaku,DE,"$1,846,379 ",Dallas Cowboys,DL,DAL,10
DBDonovan McMillonCLE,Donovan McMillon,S,"$843,333 ",Cleveland Browns,DB,CLE,9
WRDonovan Peoples-JonesNO,Donovan Peoples-Jones,WR,"$1,030,000 ",New Orleans Saints,WR,NO,11
DBDonovan WilsonDAL,Donovan Wilson,S,"$8,650,000 ",Dallas Cowboys,DB,DAL,10
WRDont'e Thornton Jr.LV,Dont'e Thornton Jr.,WR,"$1,102,725 ",Las Vegas Raiders,WR,LV,8
WRDontae FlemingMIN,Dontae Fleming,WR,"$843,333 ",Minnesota Vikings,WR,MIN,6
DBDontae ManningATL,Dontae Manning,CB,"$843,333 ",Atlanta Falcons,DB,ATL,5
WRDontavian JacksonMIN,Dontavian Jackson,WR,"$960,000 ",Minnesota Vikings,WR,MIN,6
WRDontayvion WicksGB,Dontayvion Wicks,WR,"$1,105,637 ",Green Bay Packers,WR,GB,5
DBDonte JacksonLAC,Donte Jackson,CB,"$4,500,000 ",Los Angeles Chargers,DB,LAC,12
DBDonte KentPIT,Donte Kent,CB,"$873,364 ",Pittsburgh Steelers,DB,PIT,5
DLDorance ArmstrongWAS,Dorance Armstrong,DE,"$10,180,000 ",Washington Commanders,DL,WAS,12
LBDorian MausiMIN,Dorian Mausi,LB,"$841,666 ",Minnesota Vikings,LB,MIN,6
WRDorian SingerJAC,Dorian Singer,WR,"$840,833 ",Jacksonville Jaguars,WR,JAC,8
DBDorian StrongBUF,Dorian Strong,CB,"$911,339 ",Buffalo Bills,DB,BUF,7
QBDorian Thompson-RobinsonPHI,Dorian Thompson-Robinson,QB,"$1,030,000 ",Philadelphia Eagles,QB,PHI,9
LBDorian WilliamsBUF,Dorian Williams,OLB,"$1,468,038 ",Buffalo Bills,LB,BUF,7
TEDrake DabneyTEN,Drake Dabney,TE,"$840,000 ",Tennessee Titans,TE,TEN,10
WRDrake LondonATL,Drake London,WR,"$6,851,876 ",Atlanta Falcons,WR,ATL,5
QBDrake MayeNE,Drake Maye,QB,"$8,327,219 ",New England Patriots,QB,NE,14
LBDrake ThomasSEA,Drake Thomas,LB,"$1,030,000 ",Seattle Seahawks,LB,SEA,8
LBDre GreenlawDEN,Dre Greenlaw,ILB,"$5,816,666 ",Denver Broncos,LB,DEN,12
DLDre'Mont JonesTEN,Dre'Mont Jones,DE,"$8,500,000 ",Tennessee Titans,DL,TEN,10
QBDresser WinnLAR,Dresser Winn,QB,"$960,000 ",Los Angeles Rams,QB,LAR,8
QBDrew LockSEA,Drew Lock,QB,"$2,250,000 ",Seattle Seahawks,QB,SEA,8
TEDrew SampleCIN,Drew Sample,TE,"$2,750,000 ",Cincinnati Bengals,TE,CIN,10
LBDrew SandersDEN,Drew Sanders,LB,"$1,564,017 ",Denver Broncos,LB,DEN,12
LBDrue TranquillKC,Drue Tranquill,LB,"$8,500,000 ",Kansas City Chiefs,LB,KC,10
DBDuke ShelleyIND,Duke Shelley,CB,"$1,030,000 ",Indianapolis Colts,DB,IND,11
TEDurham SmytheCHI,Durham Smythe,TE,"$2,500,000 ",Chicago Bears,TE,CHI,5
KDustin HopkinsCLE,Dustin Hopkins,K,"$2,848,500 ",Cleveland Browns,K,CLE,9
DLDvon J-ThomasTB,Dvon J-Thomas,DT,"$840,000 ",Tampa Bay Buccaneers,DL,TB,9
DBDwight McGlothernMIN,Dwight McGlothern,CB,"$963,333 ",Minnesota Vikings,DB,MIN,6
WRDyami BrownJAC,Dyami Brown,WR,"$9,985,294 ",Jacksonville Jaguars,WR,JAC,8
TEDylan CookPIT,Dylan Cook,TE,"$960,000 ",Pittsburgh Steelers,TE,PIT,5
WRDylan DrummondATL,Dylan Drummond,WR,"$840,000 ",Atlanta Falcons,WR,ATL,5
DLDylan HortonHOU,Dylan Horton,DE,"$1,230,259 ",Houston Texans,DL,HOU,6
RBDylan LaubeLV,Dylan Laube,RB,"$998,798 ",Las Vegas Raiders,RB,LV,8
RBDylan SampsonCLE,Dylan Sampson,RB,"$1,072,641 ",Cleveland Browns,RB,CLE,9
TEE.J. JenkinsPHI,E.J. Jenkins,TE,"$960,000 ",Philadelphia Eagles,TE,PHI,9
LBE.J. SpeedHOU,E.J. Speed,OLB,"$3,470,588 ",Houston Texans,LB,HOU,6
DLEarnest BrownDAL,Earnest Brown,DE,"$1,100,000 ",Dallas Cowboys,DL,DAL,10
LBEaston Mascarenas-ArnoldCLE,Easton Mascarenas-Arnold,LB,"$843,333 ",Cleveland Browns,LB,CLE,9
QBEaston StickATL,Easton Stick,QB,"$1,197,500 ",Atlanta Falcons,QB,ATL,5
DLEd OliverBUF,Ed Oliver,DT,"$11,240,000 ",Buffalo Bills,DL,BUF,7
DLEddie GoldmanWAS,Eddie Goldman,DT,"$1,030,000 ",Washington Commanders,DL,WAS,12
LBEdefuan UlofoshioBUF,Edefuan Ulofoshio,OLB,"$1,038,506 ",Buffalo Bills,LB,BUF,7
LBEdgerrin CooperGB,Edgerrin Cooper,LB,"$1,954,300 ",Green Bay Packers,LB,GB,5
WREfton Chism IIINE,Efton Chism III,WR,"$848,333 ",New England Patriots,WR,NE,14
DBEkow Boye-DoeARI,Ekow Boye-Doe,CB,"$960,000 ",Arizona Cardinals,DB,ARI,8
LBEku LeotaPIT,Eku Leota,OLB,"$1,030,000 ",Pittsburgh Steelers,LB,PIT,5
LBElandon RobertsLV,Elandon Roberts,ILB,"$3,010,000 ",Las Vegas Raiders,LB,LV,8
DBEli AppleSF,Eli Apple,CB,"$1,030,000 ",San Francisco 49ers,DB,SF,14
DLEli MostaertJAC,Eli Mostaert,DT,"$840,833 ",Jacksonville Jaguars,DL,JAC,8
WREli PancolJAC,Eli Pancol,WR,"$845,333 ",Jacksonville Jaguars,WR,JAC,8
DBEli RicksPHI,Eli Ricks,CB,"$1,033,334 ",Philadelphia Eagles,DB,PHI,9
LBElias NealLAR,Elias Neal,ILB,"$960,000 ",Los Angeles Rams,LB,LAR,8
WRElic AyomanorTEN,Elic Ayomanor,WR,"$1,006,454 ",Tennessee Titans,WR,TEN,10
TEElijah ArroyoSEA,Elijah Arroyo,TE,"$1,602,430 ",Seattle Seahawks,TE,SEA,8
DBElijah CampbellMIA,Elijah Campbell,S,"$1,337,500 ",Miami Dolphins,DB,MIA,12
DLElijah ChatmanNYG,Elijah Chatman,DT,"$960,333 ",New York Giants,DL,NYG,14
WRElijah CooksPHI,Elijah Cooks,WR,"$960,000 ",Philadelphia Eagles,WR,PHI,9
RBElijah DotsonATL,Elijah Dotson,RB,"$960,000 ",Atlanta Falcons,RB,ATL,5
DLElijah GarciaNYG,Elijah Garcia,DE,"$1,030,000 ",New York Giants,DL,NYG,14
DBElijah HicksCHI,Elijah Hicks,CB,"$1,119,252 ",Chicago Bears,DB,CHI,5
TEElijah HigginsARI,Elijah Higgins,TE,"$1,030,000 ",Arizona Cardinals,TE,ARI,8
DBElijah JonesARI,Elijah Jones,CB,"$1,292,163 ",Arizona Cardinals,DB,ARI,8
RBElijah MitchellKC,Elijah Mitchell,RB,"$1,750,000 ",Kansas City Chiefs,RB,KC,10
DBElijah MoldenLAC,Elijah Molden,S,"$3,666,666 ",Los Angeles Chargers,DB,LAC,12
WRElijah MooreBUF,Elijah Moore,WR,"$2,500,000 ",Buffalo Bills,WR,BUF,7
LBElijah PonderNE,Elijah Ponder,LB,"$845,000 ",New England Patriots,LB,NE,14
DLElijah RobertsTB,Elijah Roberts,DE,"$942,448 ",Tampa Bay Buccaneers,DL,TB,9
DLElijah SimmonsARI,Elijah Simmons,DT,"$851,666 ",Arizona Cardinals,DL,ARI,8
RBElijah YoungKC,Elijah Young,RB,"$841,000 ",Kansas City Chiefs,RB,KC,10
WRElijhah BadgerKC,Elijhah Badger,WR,"$840,000 ",Kansas City Chiefs,WR,KC,10
LBElliott BrownARI,Elliott Brown,LB,"$840,000 ",Arizona Cardinals,LB,ARI,8
RBEmani BaileyCAR,Emani Bailey,RB,"$840,000 ",Carolina Panthers,RB,CAR,14
RBEmanuel WilsonGB,Emanuel Wilson,RB,"$1,030,000 ",Green Bay Packers,RB,GB,5
DBEmany JohnsonLAC,Emany Johnson,S,"$840,000 ",Los Angeles Chargers,DB,LAC,12
RBEmari DemercadoARI,Emari Demercado,RB,"$1,035,000 ",Arizona Cardinals,RB,ARI,8
WREmeka EgbukaTB,Emeka Egbuka,WR,"$3,304,133 ",Tampa Bay Buccaneers,WR,TB,9
DBEmmanuel ForbesLAR,Emmanuel Forbes,CB,"$2,150,688 ",Los Angeles Rams,DB,LAR,8
DLEmmanuel OgbahJAC,Emmanuel Ogbah,DE,"$3,220,588 ",Jacksonville Jaguars,DL,JAC,8
DBEnnis RakestrawDET,Ennis Rakestraw,CB,"$1,473,806 ",Detroit Lions,DB,DET,8
WREquanimeous St. BrownSF,Equanimeous St. Brown,WR,"$1,030,000 ",San Francisco 49ers,WR,SF,14
DLEric BanksTB,Eric Banks,DE,"$1,030,000 ",Tampa Bay Buccaneers,DL,TB,9
RBEric GrayNYG,Eric Gray,RB,"$1,091,244 ",New York Giants,RB,NYG,14
DLEric GregoryCIN,Eric Gregory,DT,"$850,000 ",Cincinnati Bengals,DL,CIN,10
DLEric JohnsonIND,Eric Johnson,DT,"$1,100,000 ",Indianapolis Colts,DL,IND,11
DBEric MurrayJAC,Eric Murray,S,"$3,666,666 ",Jacksonville Jaguars,DB,JAC,8
TEEric SaubertSEA,Eric Saubert,TE,"$1,197,500 ",Seattle Seahawks,TE,SEA,8
DBEric StokesLV,Eric Stokes,CB,"$3,500,000 ",Las Vegas Raiders,DB,LV,8
DLEric WattsNYJ,Eric Watts,DE,"$966,666 ",New York Jets,DL,NYJ,9
LBEric WilsonMIN,Eric Wilson,ILB,"$2,600,000 ",Minnesota Vikings,LB,MIN,6
TEErick AllCIN,Erick All,TE,"$1,158,276 ",Cincinnati Bengals,TE,CIN,10
DBErick HallettDET,Erick Hallett,S,"$840,000 ",Detroit Lions,DB,DET,8
WRErik EzukanmaMIA,Erik Ezukanma,WR,"$1,100,000 ",Miami Dolphins,WR,MIA,12
LBErnest Jones IVSEA,Ernest Jones IV,ILB,"$5,283,333 ",Seattle Seahawks,LB,SEA,8
DLEsezi OtomewoPIT,Esezi Otomewo,DE,"$1,030,000 ",Pittsburgh Steelers,DL,PIT,5
DBEthan BonnerMIA,Ethan Bonner,CB,"$1,030,000 ",Miami Dolphins,DB,MIA,12
DLEthan DownsJAC,Ethan Downs,DE,"$843,333 ",Jacksonville Jaguars,DL,JAC,8
PEthan EvansLAR,Ethan Evans,P,"$1,057,001 ",Los Angeles Rams,P,LAR,8
DBEthan RobinsonMIA,Ethan Robinson,CB,"$845,000 ",Miami Dolphins,DB,MIA,12
LBEugene AsanteMIA,Eugene Asante,LB,"$843,333 ",Miami Dolphins,LB,MIA,12
DLEvan AndersonSF,Evan Anderson,DT,"$960,000 ",San Francisco 49ers,DL,SF,14
TEEvan EngramDEN,Evan Engram,TE,"$5,956,666 ",Denver Broncos,TE,DEN,12
RBEvan HullPIT,Evan Hull,RB,"$960,000 ",Pittsburgh Steelers,RB,PIT,5
KEvan McPhersonCIN,Evan McPherson,K,"$4,583,333 ",Cincinnati Bengals,K,CIN,10
DBEvan WilliamsGB,Evan Williams,S,"$1,160,720 ",Green Bay Packers,DB,GB,5
DLEyioma UwazurikeDEN,Eyioma Uwazurike,DE,"$1,221,467 ",Denver Broncos,DL,DEN,12
LBEzekiel TurnerDET,Ezekiel Turner,OLB,"$1,030,000 ",Detroit Lions,LB,DET,8
DLFabien LovettKC,Fabien Lovett,DT,"$840,000 ",Kansas City Chiefs,DL,KC,10
DLFadil DiggsNO,Fadil Diggs,DE,"$865,418 ",New Orleans Saints,DL,NO,11
DLFatorma MulbahNYJ,Fatorma Mulbah,DT,"$842,500 ",New York Jets,DL,NYJ,9
TEFeleipe FranksATL,Feleipe Franks,TE,"$1,420,000 ",Atlanta Falcons,TE,ATL,5
DLFelix Anudike-UzomahKC,Felix Anudike-Uzomah,DE,"$3,223,041 ",Kansas City Chiefs,DL,KC,10
DLFoley FatukasiHOU,Foley Fatukasi,DT,"$2,823,529 ",Houston Texans,DL,HOU,6
TEFoster MoreauNO,Foster Moreau,TE,"$4,634,000 ",New Orleans Saints,TE,NO,11
LBFoyesade OluokunJAC,Foyesade Oluokun,LB,"$11,466,353 ",Jacksonville Jaguars,LB,JAC,8
LBFrancisco MauigoaNYJ,Francisco Mauigoa,LB,"$938,632 ",New York Jets,LB,NYJ,9
RBFrank Gore Jr.BUF,Frank Gore Jr.,RB,"$844,000 ",Buffalo Bills,RB,BUF,7
LBFrankie LuvuWAS,Frankie Luvu,LB,"$12,540,000 ",Washington Commanders,LB,WAS,12
LBFred WarnerSF,Fred Warner,ILB,"$16,058,000 ",San Francisco 49ers,LB,SF,14
DLGabe HallPHI,Gabe Hall,DE,"$840,000 ",Philadelphia Eagles,DL,PHI,9
DBGabe Jeudy-LallyTEN,Gabe Jeudy-Lally,CB,"$960,000 ",Tennessee Titans,DB,TEN,10
LBGabriel MurphyMIN,Gabriel Murphy,OLB,"$840,000 ",Minnesota Vikings,LB,MIN,6
WRGage LarvadainCLE,Gage Larvadain,WR,"$843,333 ",Cleveland Browns,WR,CLE,9
QBGardner MinshewKC,Gardner Minshew,QB,"$1,170,000 ",Kansas City Chiefs,QB,KC,10
LBGarmon RandolphLAC,Garmon Randolph,OLB,"$846,666 ",Los Angeles Chargers,LB,LAC,12
"DBGarnett Hollis, Jr.GB","Garnett Hollis, Jr.",CB,"$840,000 ",Green Bay Packers,DB,GB,5
WRGarrett GreeneTB,Garrett Greene,WR,"$842,500 ",Tampa Bay Buccaneers,WR,TB,9
LBGarrett NelsonDEN,Garrett Nelson,LB,"$840,000 ",Denver Broncos,LB,DEN,12
DBGarrett WilliamsARI,Garrett Williams,CB,"$1,536,799 ",Arizona Cardinals,DB,ARI,8
WRGarrett WilsonNYJ,Garrett Wilson,WR,"$9,439,911 ",New York Jets,WR,NYJ,9
RBGary BrightwellCIN,Gary Brightwell,RB,"$1,100,000 ",Cincinnati Bengals,RB,CIN,10
TEGavin BartholomewMIN,Gavin Bartholomew,TE,"$893,956 ",Minnesota Vikings,TE,MIN,6
TEGee Scott Jr.NE,Gee Scott Jr.,TE,"$846,666 ",New England Patriots,TE,NE,14
QBGeno SmithLV,Geno Smith,QB,"$40,000,000 ",Las Vegas Raiders,QB,LV,8
DBGeno StoneCIN,Geno Stone,S,"$6,400,000 ",Cincinnati Bengals,DB,CIN,10
RBGeorge HolaniSEA,George Holani,RB,"$960,000 ",Seattle Seahawks,RB,SEA,8
DLGeorge KarlaftisKC,George Karlaftis,DE,"$6,565,086 ",Kansas City Chiefs,DL,KC,10
TEGeorge KittleSF,George Kittle,TE,"$14,211,842 ",San Francisco 49ers,TE,SF,14
WRGeorge PickensDAL,George Pickens,WR,"$3,656,000 ",Dallas Cowboys,WR,DAL,10
LBGermaine PrattLV,Germaine Pratt,ILB,"$4,762,500 ",Las Vegas Raiders,LB,LV,8
DBGervarrius OwensMIN,Gervarrius Owens,S,"$960,000 ",Minnesota Vikings,DB,MIN,6
DLGervon DexterCHI,Gervon Dexter,DT,"$1,833,744 ",Chicago Bears,DL,CHI,5
WRGiles JacksonPHI,Giles Jackson,WR,"$840,000 ",Philadelphia Eagles,WR,PHI,9
RBGiovanni RicciMIN,Giovanni Ricci,FB,"$1,100,000 ",Minnesota Vikings,RB,MIN,6
DBGlendon MillerKC,Glendon Miller,S,"$846,666 ",Kansas City Chiefs,DB,KC,10
DLGrady JarrettCHI,Grady Jarrett,DT,"$7,000,000 ",Chicago Bears,DL,CHI,5
KGraham GanoNYG,Graham Gano,K,"$5,665,000 ",New York Giants,K,NYG,14
QBGraham MertzHOU,Graham Mertz,QB,"$897,121 ",Houston Texans,QB,HOU,6
TEGrant CalcaterraPHI,Grant Calcaterra,TE,"$1,143,536 ",Philadelphia Eagles,TE,PHI,9
DBGrant DelpitCLE,Grant Delpit,SS,"$5,939,000 ",Cleveland Browns,DB,CLE,9
LBGrant StuardDET,Grant Stuard,OLB,"$1,700,000 ",Detroit Lions,LB,DET,8
DLGrayson MurphyMIA,Grayson Murphy,DE,"$843,333 ",Miami Dolphins,DL,MIA,12
DBGreedy Vance Jr.LV,Greedy Vance Jr.,CB,"$841,666 ",Las Vegas Raiders,DB,LV,8
WRGreg DortchARI,Greg Dortch,WR,"$3,263,000 ",Arizona Cardinals,WR,ARI,8
TEGreg DulcichNYG,Greg Dulcich,TE,"$1,422,155 ",New York Giants,TE,NYG,14
DLGreg GainesTB,Greg Gaines,DT,"$3,500,000 ",Tampa Bay Buccaneers,DL,TB,9
DBGreg NewsomeCLE,Greg Newsome,CB,"$13,377,000 ",Cleveland Browns,DB,CLE,9
DLGreg RousseauBUF,Greg Rousseau,DE,"$5,877,000 ",Buffalo Bills,DL,BUF,7
DLGrover StewartIND,Grover Stewart,DT,"$14,250,000 ",Indianapolis Colts,DL,IND,11
TEGunnar HelmTEN,Gunnar Helm,TE,"$1,083,227 ",Tennessee Titans,TE,TEN,10
WRGunner OlszewskiNYG,Gunner Olszewski,WR,"$1,030,000 ",New York Giants,WR,NYG,14
LBHaason ReddickTB,Haason Reddick,OLB,"$13,176,470 ",Tampa Bay Buccaneers,LB,TB,9
WRHal PresleyKC,Hal Presley,WR,"$840,000 ",Kansas City Chiefs,WR,KC,10
TEHarold Fannin Jr.CLE,Harold Fannin Jr.,TE,"$1,225,979 ",Cleveland Browns,TE,CLE,9
DLHarold Landry IIINE,Harold Landry III,DE,"$8,500,000 ",New England Patriots,DL,NE,14
TEHarrison BryantPHI,Harrison Bryant,TE,"$1,200,000 ",Philadelphia Eagles,TE,PHI,9
KHarrison ButkerKC,Harrison Butker,K,"$5,235,000 ",Kansas City Chiefs,K,KC,10
KHarrison MevisNYJ,Harrison Mevis,K,"$840,000 ",New York Jets,K,NYJ,9
DLHarrison PhillipsMIN,Harrison Phillips,DT,"$9,676,389 ",Minnesota Vikings,DL,MIN,6
DBHarrison SmithMIN,Harrison Smith,SS,"$9,901,178 ",Minnesota Vikings,DB,MIN,6
RBHassan HaskinsLAC,Hassan Haskins,RB,"$1,100,000 ",Los Angeles Chargers,RB,LAC,12
QBHendon HookerDET,Hendon Hooker,QB,"$1,559,734 ",Detroit Lions,QB,DET,8
DBHenry BlackATL,Henry Black,S,"$1,030,000 ",Atlanta Falcons,DB,ATL,5
LBHenry To'oTo'oHOU,Henry To'oTo'o,LB,"$1,091,244 ",Houston Texans,LB,HOU,6
WRHollywood BrownKC,Hollywood Brown,WR,"$6,794,118 ",Kansas City Chiefs,WR,KC,10
DLHoward CrossCIN,Howard Cross,DT,"$846,666 ",Cincinnati Bengals,DL,CIN,10
DBHudson ClarkLV,Hudson Clark,S,"$841,666 ",Las Vegas Raiders,DB,LV,8
QBHunter DekkersNO,Hunter Dekkers,QB,"$840,000 ",New Orleans Saints,QB,NO,11
TEHunter HenryNE,Hunter Henry,TE,"$11,441,176 ",New England Patriots,TE,NE,14
TEHunter LongJAC,Hunter Long,TE,"$2,125,000 ",Jacksonville Jaguars,TE,JAC,8
RBHunter LuepkeDAL,Hunter Luepke,FB,"$1,036,667 ",Dallas Cowboys,RB,DAL,10
WRHunter RenfrowCAR,Hunter Renfrow,WR,"$1,080,000 ",Carolina Panthers,WR,CAR,14
DBHunter WohlerIND,Hunter Wohler,S,"$872,767 ",Indianapolis Colts,DB,IND,11
DBIan KennellyDET,Ian Kennelly,S,"$843,333 ",Detroit Lions,DB,DET,8
TEIan ThomasLV,Ian Thomas,TE,"$1,452,500 ",Las Vegas Raiders,TE,LV,8
RBIan WheelerCHI,Ian Wheeler,RB,"$842,500 ",Chicago Bears,RB,CHI,5
"WRIfe Adeyi,PHI","Ife Adeyi,",WR,"$840,000 ",Philadelphia Eagles,WR,PHI,9
DBIfeatu MelifonwuMIA,Ifeatu Melifonwu,CB,"$2,588,235 ",Miami Dolphins,DB,MIA,12
WRIhmir Smith-MarsetteNYG,Ihmir Smith-Marsette,WR,"$1,197,500 ",New York Giants,WR,NYG,14
TEIrv SmithHOU,Irv Smith,TE,"$1,058,235 ",Houston Texans,TE,HOU,6
WRIrvin CharlesNYJ,Irvin Charles,WR,"$1,030,000 ",New York Jets,WR,NYJ,9
DBIsaac GiffordCAR,Isaac Gifford,S,"$843,333 ",Carolina Panthers,DB,CAR,14
RBIsaac GuerendoSF,Isaac Guerendo,RB,"$1,136,132 ",San Francisco 49ers,RB,SF,14
WRIsaac TeSlaaDET,Isaac TeSlaa,WR,"$1,211,718 ",Detroit Lions,WR,DET,8
DBIsaac YiadomNO,Isaac Yiadom,CB,"$1,960,000 ",New Orleans Saints,DB,NO,11
DBIsaiah BoldenNE,Isaiah Bolden,CB,"$960,000 ",New England Patriots,DB,NE,14
RBIsaiah DavisNYJ,Isaiah Davis,RB,"$1,023,569 ",New York Jets,RB,NYJ,9
DBIsaiah DunnGB,Isaiah Dunn,CB,"$1,030,000 ",Green Bay Packers,DB,GB,5
DLIsaiah FoskeyNO,Isaiah Foskey,DE,"$2,382,197 ",New Orleans Saints,DL,NO,11
WRIsaiah HodginsSF,Isaiah Hodgins,WR,"$1,100,000 ",San Francisco 49ers,WR,SF,14
DLIsaiah ItonNE,Isaiah Iton,DE,"$840,000 ",New England Patriots,DL,NE,14
DBIsaiah JohnsonMIA,Isaiah Johnson,CB,"$840,000 ",Miami Dolphins,DB,MIA,12
LBIsaiah LandIND,Isaiah Land,LB,"$1,030,000 ",Indianapolis Colts,LB,IND,11
TEIsaiah LikelyBAL,Isaiah Likely,TE,"$3,532,085 ",Baltimore Ravens,TE,BAL,7
LBIsaiah McDuffieGB,Isaiah McDuffie,OLB,"$3,025,000 ",Green Bay Packers,LB,GB,5
DLIsaiah McGuireCLE,Isaiah McGuire,DE,"$1,207,983 ",Cleveland Browns,DL,CLE,9
DBIsaiah OliverNYJ,Isaiah Oliver,CB,"$2,500,000 ",New York Jets,DB,NYJ,9
DBIsaiah Pola-MaoLV,Isaiah Pola-Mao,S,"$3,590,000 ",Las Vegas Raiders,DB,LV,8
DLIsaiah RaikesTEN,Isaiah Raikes,DT,"$843,333 ",Tennessee Titans,DL,TEN,10
DBIsaiah RodgersMIN,Isaiah Rodgers,CB,"$3,632,500 ",Minnesota Vikings,DB,MIN,6
LBIsaiah SimmonsGB,Isaiah Simmons,ILB,"$1,197,500 ",Green Bay Packers,LB,GB,5
LBIsaiah StalbirdNO,Isaiah Stalbird,OLB,"$960,000 ",New Orleans Saints,LB,NO,11
DLIsaiah ThomasCIN,Isaiah Thomas,DE,"$1,030,000 ",Cincinnati Bengals,DL,CIN,10
WRIsaiah WilliamsCIN,Isaiah Williams,WR,"$960,000 ",Cincinnati Bengals,WR,CIN,10
DLIsaiahh LoudermilkPIT,Isaiahh Loudermilk,DE,"$1,337,500 ",Pittsburgh Steelers,DL,PIT,5
DBIsas WaxterSEA,Isas Waxter,CB,"$845,000 ",Seattle Seahawks,DB,SEA,8
RBIsiah PachecoKC,Isiah Pacheco,RB,"$1,119,777 ",Kansas City Chiefs,RB,KC,10
RBIsrael AbanikandaGB,Israel Abanikanda,RB,"$1,030,000 ",Green Bay Packers,RB,GB,5
DBIsrael MukuamuDAL,Israel Mukuamu,CB,"$1,320,000 ",Dallas Cowboys,DB,DAL,10
LBIvan PaceMIN,Ivan Pace,LB,"$1,036,667 ",Minnesota Vikings,LB,MIN,6
TEJ.J. GalbreathPIT,J.J. Galbreath,TE,"$846,666 ",Pittsburgh Steelers,TE,PIT,5
QBJ.J. McCarthyMIN,J.J. McCarthy,QB,"$4,966,999 ",Minnesota Vikings,QB,MIN,6
DBJ.J. RobertsTB,J.J. Roberts,S,"$850,000 ",Tampa Bay Buccaneers,DB,TB,9
LBJ.J. RussellARI,J.J. Russell,ILB,"$1,100,000 ",Arizona Cardinals,LB,ARI,8
RBJ.J. TaylorHOU,J.J. Taylor,RB,"$1,100,000 ",Houston Texans,RB,HOU,6
RBJ.K. DobbinsDEN,J.K. Dobbins,RB,"$2,585,000 ",Denver Broncos,RB,DEN,12
DLJ.R. SingletonSEA,J.R. Singleton,DT,"$842,167 ",Seattle Seahawks,DL,SEA,8
DBJ.T. GrayNO,J.T. Gray,SS,"$3,580,000 ",New Orleans Saints,DB,NO,11
WRJa’Corey BrooksWAS,Ja’Corey Brooks,WR,"$843,333 ",Washington Commanders,WR,WAS,12
WRJa'Lynn PolkNE,Ja'Lynn Polk,WR,"$2,203,351 ",New England Patriots,WR,NE,14
DBJa'Marcus IngramBUF,Ja'Marcus Ingram,CB,"$1,033,750 ",Buffalo Bills,DB,BUF,7
LBJa’Markis WestonNYJ,Ja’Markis Weston,LB,"$845,000 ",New York Jets,LB,NYJ,9
WRJa'Marr ChaseCIN,Ja'Marr Chase,WR,"$23,570,000 ",Cincinnati Bengals,WR,CIN,10
DBJa’Quan McMillianDEN,Ja’Quan McMillian,CB,"$1,030,000 ",Denver Broncos,DB,DEN,12
RBJa'Quinden JacksonJAC,Ja'Quinden Jackson,RB,"$841,000 ",Jacksonville Jaguars,RB,JAC,8
WRJa'Seem ReedCAR,Ja'Seem Reed,WR,"$840,000 ",Carolina Panthers,WR,CAR,14
DBJa'Sir TaylorLAC,Ja'Sir Taylor,CB,"$1,133,003 ",Los Angeles Chargers,DB,LAC,12
TEJa'Tavion SandersCAR,Ja'Tavion Sanders,TE,"$1,253,559 ",Carolina Panthers,TE,CAR,14
DBJabbar MuhammadJAC,Jabbar Muhammad,S,"$845,000 ",Jacksonville Jaguars,DB,JAC,8
DBJabrill PeppersNE,Jabrill Peppers,S,"$6,450,000 ",New England Patriots,DB,NE,14
RBJacardia WrightSEA,Jacardia Wright,RB,"$842,500 ",Seattle Seahawks,RB,SEA,8
WRJack BechLV,Jack Bech,WR,"$1,374,330 ",Las Vegas Raiders,WR,LV,8
LBJack CampbellDET,Jack Campbell,LB,"$4,015,064 ",Detroit Lions,LB,DET,8
LBJack CochraneKC,Jack Cochrane,OLB,"$2,088,235 ",Kansas City Chiefs,LB,KC,10
PJack FoxDET,Jack Fox,P,"$3,850,000 ",Detroit Lions,P,DET,8
LBJack GibbensNE,Jack Gibbens,ILB,"$1,365,000 ",New England Patriots,LB,NE,14
DLJack HeflinLAR,Jack Heflin,DT,"$960,000 ",Los Angeles Rams,DL,LAR,8
DBJack HendersonCAR,Jack Henderson,S,"$845,000 ",Carolina Panthers,DB,CAR,14
LBJack KiserJAC,Jack Kiser,LB,"$1,104,148 ",Jacksonville Jaguars,LB,JAC,8
QBJack PlummerCAR,Jack Plummer,QB,"$960,000 ",Carolina Panthers,QB,CAR,14
LBJack SanbornDAL,Jack Sanborn,OLB,"$1,500,000 ",Dallas Cowboys,LB,DAL,10
DLJack SawyerPIT,Jack Sawyer,DE,"$1,077,733 ",Pittsburgh Steelers,DL,PIT,5
TEJack StollNO,Jack Stoll,TE,"$1,097,500 ",New Orleans Saints,TE,NO,11
TEJack WestoverNE,Jack Westover,TE,"$960,000 ",New England Patriots,TE,NE,14
TEJackson HawesBUF,Jackson Hawes,TE,"$920,054 ",Buffalo Bills,TE,BUF,7
WRJackson MeeksDET,Jackson Meeks,WR,"$846,666 ",Detroit Lions,WR,DET,8
WRJacob CowingSF,Jacob Cowing,WR,"$1,092,177 ",San Francisco 49ers,WR,SF,14
DBJacob ParrishTB,Jacob Parrish,CB,"$1,154,298 ",Tampa Bay Buccaneers,DB,TB,9
LBJacob PhillipsIND,Jacob Phillips,ILB,"$1,100,000 ",Indianapolis Colts,LB,IND,11
RBJacob SaylorsDET,Jacob Saylors,RB,"$840,000 ",Detroit Lions,RB,DET,8
DBJacobe CovingtonKC,Jacobe Covington,S,"$840,000 ",Kansas City Chiefs,DB,KC,10
QBJacoby BrissettARI,Jacoby Brissett,QB,"$5,310,000 ",Arizona Cardinals,QB,ARI,8
WRJacoby JonesWAS,Jacoby Jones,WR,"$843,333 ",Washington Commanders,WR,WAS,12
LBJacoby WindmonCAR,Jacoby Windmon,OLB,"$960,000 ",Carolina Panthers,LB,CAR,14
WRJacolby GeorgeCAR,Jacolby George,WR,"$842,500 ",Carolina Panthers,WR,CAR,14
RBJacory Croskey-MerrittWAS,Jacory Croskey-Merritt,RB,"$866,357 ",Washington Commanders,RB,WAS,12
DLJaden CrumedyCAR,Jaden Crumedy,DT,"$1,004,106 ",Carolina Panthers,DL,CAR,14
DBJaden HicksKC,Jaden Hicks,S,"$1,092,177 ",Kansas City Chiefs,DB,KC,10
DBJaden RobinsonDEN,Jaden Robinson,CB,"$843,333 ",Denver Broncos,DB,DEN,12
WRJaden SmithTB,Jaden Smith,WR,"$840,000 ",Tampa Bay Buccaneers,WR,TB,9
LBJaelan PhillipsMIA,Jaelan Phillips,OLB,"$13,251,000 ",Miami Dolphins,LB,MIA,12
DLJah JoynerLV,Jah Joyner,DE,"$845,000 ",Las Vegas Raiders,DL,LV,8
WRJahan DotsonPHI,Jahan Dotson,WR,"$1,431,409 ",Philadelphia Eagles,WR,PHI,9
DBJahdae BarronDEN,Jahdae Barron,CB,"$3,286,032 ",Denver Broncos,DB,DEN,12
WRJahdae WalkerCHI,Jahdae Walker,WR,"$846,666 ",Chicago Bears,WR,CHI,5
TEJaheim BellNE,Jaheim Bell,TE,"$986,648 ",New England Patriots,TE,NE,14
DLJahfari HarveyLV,Jahfari Harvey,DE,"$840,000 ",Las Vegas Raiders,DL,LV,8
LBJahlani TavaiNE,Jahlani Tavai,LB,"$5,443,750 ",New England Patriots,LB,NE,14
WRJahmal BanksBAL,Jahmal Banks,WR,"$842,333 ",Baltimore Ravens,WR,BAL,7
RBJahmyr GibbsDET,Jahmyr Gibbs,RB,"$4,866,855 ",Detroit Lions,RB,DET,8
DLJahvaree RitzieNE,Jahvaree Ritzie,DT,"$843,333 ",New England Patriots,DL,NE,14
DBJaire AlexanderBAL,Jaire Alexander,CB,"$4,000,000 ",Baltimore Ravens,DB,BAL,7
PJake BaileyMIA,Jake Bailey,P,"$2,525,000 ",Miami Dolphins,P,MIA,12
KJake BatesDET,Jake Bates,K,"$1,085,000 ",Detroit Lions,K,DET,8
WRJake BoboSEA,Jake Bobo,WR,"$1,033,334 ",Seattle Seahawks,WR,SEA,8
TEJake BriningstoolKC,Jake Briningstool,TE,"$850,000 ",Kansas City Chiefs,TE,KC,10
QBJake BrowningCIN,Jake Browning,QB,"$1,030,000 ",Cincinnati Bengals,QB,CIN,10
KJake ElliottPHI,Jake Elliott,K,"$4,180,000 ",Philadelphia Eagles,K,PHI,9
TEJake FergusonDAL,Jake Ferguson,TE,"$3,982,221 ",Dallas Cowboys,TE,DAL,10
QBJake HaenerNO,Jake Haener,QB,"$1,191,250 ",New Orleans Saints,QB,NO,11
LBJake HansenHOU,Jake Hansen,OLB,"$1,694,117 ",Houston Texans,LB,HOU,6
LBJake HummelBAL,Jake Hummel,ILB,"$1,200,000 ",Baltimore Ravens,LB,BAL,7
DLJake MartinWAS,Jake Martin,DE,"$2,405,000 ",Washington Commanders,DL,WAS,12
KJake MoodySF,Jake Moody,K,"$1,446,568 ",San Francisco 49ers,K,SF,14
TEJake TongesSF,Jake Tonges,TE,"$1,030,000 ",San Francisco 49ers,TE,SF,14
RBJakob JohnsonHOU,Jakob Johnson,FB,"$1,040,000 ",Houston Texans,RB,HOU,6
DBJakob RobinsonSF,Jakob Robinson,CB,"$846,666 ",San Francisco 49ers,DB,SF,14
WRJakobi MeyersLV,Jakobi Meyers,WR,"$14,962,334 ",Las Vegas Raiders,WR,LV,8
WRJakobie Keeney-JamesDET,Jakobie Keeney-James,WR,"$846,666 ",Detroit Lions,WR,DET,8
DBJakorian BennettPHI,Jakorian Bennett,CB,"$1,030,000 ",Philadelphia Eagles,DB,PHI,9
LBJalan GainesSEA,Jalan Gaines,OLB,"$840,500 ",Seattle Seahawks,LB,SEA,8
RBJaleel McLaughlinDEN,Jaleel McLaughlin,RB,"$1,035,000 ",Denver Broncos,RB,DEN,12
WRJalen BrooksDAL,Jalen Brooks,WR,"$1,050,590 ",Dallas Cowboys,WR,DAL,10
DLJalen CarterPHI,Jalen Carter,DT,"$5,947,110 ",Philadelphia Eagles,DL,PHI,9
WRJalen CokerCAR,Jalen Coker,WR,"$960,000 ",Carolina Panthers,WR,CAR,14
DBJalen DavisCIN,Jalen Davis,CB,"$1,030,000 ",Cincinnati Bengals,DB,CIN,10
LBJalen GrahamSF,Jalen Graham,ILB,"$1,030,000 ",San Francisco 49ers,LB,SF,14
QBJalen HurtsPHI,Jalen Hurts,QB,"$21,869,800 ",Philadelphia Eagles,QB,PHI,9
DBJalen KimberTEN,Jalen Kimber,S,"$845,000 ",Tennessee Titans,DB,TEN,10
LBJalen McLeodJAC,Jalen McLeod,LB,"$897,632 ",Jacksonville Jaguars,LB,JAC,8
WRJalen McMillanTB,Jalen McMillan,WR,"$1,287,051 ",Tampa Bay Buccaneers,WR,TB,9
QBJalen MilroeSEA,Jalen Milroe,QB,"$1,138,925 ",Seattle Seahawks,QB,SEA,8
WRJalen NailorMIN,Jalen Nailor,WR,"$1,145,165 ",Minnesota Vikings,WR,MIN,6
DBJalen PitreHOU,Jalen Pitre,CB,"$5,432,021 ",Houston Texans,DB,HOU,6
DBJalen RamseyPIT,Jalen Ramsey,CB,"$4,904,000 ",Pittsburgh Steelers,DB,PIT,5
WRJalen ReagorLAC,Jalen Reagor,WR,"$1,145,000 ",Los Angeles Chargers,WR,LAC,12
DLJalen RedmondMIN,Jalen Redmond,DE,"$960,000 ",Minnesota Vikings,DL,MIN,6
WRJalen RoyalsKC,Jalen Royals,WR,"$1,056,800 ",Kansas City Chiefs,WR,KC,10
DBJalen ThompsonARI,Jalen Thompson,SS,"$13,727,750 ",Arizona Cardinals,DB,ARI,8
WRJalen TolbertDAL,Jalen Tolbert,WR,"$3,634,767 ",Dallas Cowboys,WR,DAL,10
WRJalen VirgilBUF,Jalen Virgil,WR,"$1,034,500 ",Buffalo Bills,WR,BUF,7
RBJalen WhiteGB,Jalen White,RB,"$845,000 ",Green Bay Packers,RB,GB,5
WRJalin HyattNYG,Jalin Hyatt,WR,"$1,534,176 ",New York Giants,WR,NYG,14
LBJalon WalkerATL,Jalon Walker,OLB,"$3,738,613 ",Atlanta Falcons,LB,ATL,5
DBJalyn Armour-DavisBAL,Jalyn Armour-Davis,CB,"$1,290,082 ",Baltimore Ravens,DB,BAL,7
DLJalyn HolmesWAS,Jalyn Holmes,DE,"$1,197,500 ",Washington Commanders,DL,WAS,12
DLJalyx HuntPHI,Jalyx Hunt,DE,"$1,280,235 ",Philadelphia Eagles,DL,PHI,9
WRJamaal PritchettNYJ,Jamaal Pritchett,WR,"$842,500 ",New York Jets,WR,NYJ,9
DBJamal AdamsLV,Jamal Adams,S,"$1,030,000 ",Las Vegas Raiders,DB,LV,8
WRJamal AgnewATL,Jamal Agnew,WR,"$1,730,000 ",Atlanta Falcons,WR,ATL,5
LBJamal HillHOU,Jamal Hill,LB,"$1,007,348 ",Houston Texans,LB,HOU,6
WRJamari ThrashCLE,Jamari Thrash,WR,"$1,041,352 ",Cleveland Browns,WR,CLE,9
DLJamarree CaldwellLAC,Jamarree Caldwell,DT,"$1,147,866 ",Los Angeles Chargers,DL,LAC,12
QBJameis WinstonNYG,Jameis Winston,QB,"$3,000,000 ",New York Giants,QB,NYG,14
DBJamel DeanTB,Jamel Dean,CB,"$15,136,941 ",Tampa Bay Buccaneers,DB,TB,9
PJames BurnipNO,James Burnip,P,"$843,333 ",New Orleans Saints,P,NO,11
DLJames CarpenterJAC,James Carpenter,DT,"$840,833 ",Jacksonville Jaguars,DL,JAC,8
RBJames ConnerARI,James Conner,RB,"$6,470,000 ",Arizona Cardinals,RB,ARI,8
RBJames CookBUF,James Cook,RB,"$3,510,374 ",Buffalo Bills,RB,BUF,7
DLJames EsterGB,James Ester,DT,"$840,000 ",Green Bay Packers,DL,GB,5
LBJames HoustonDAL,James Houston,OLB,"$1,030,000 ",Dallas Cowboys,LB,DAL,10
DLJames LynchTEN,James Lynch,DT,"$1,030,000 ",Tennessee Titans,DL,TEN,10
TEJames MitchellCAR,James Mitchell,TE,"$1,030,000 ",Carolina Panthers,TE,CAR,14
DLJames Pearce Jr.ATL,James Pearce Jr.,DE,"$3,050,688 ",Atlanta Falcons,DL,ATL,5
DBJames PierrePIT,James Pierre,CB,"$1,080,000 ",Pittsburgh Steelers,DB,PIT,5
WRJames ProcheTEN,James Proche,WR,"$1,030,000 ",Tennessee Titans,WR,TEN,10
DBJames WilliamsTEN,James Williams,S,"$982,373 ",Tennessee Titans,DB,TEN,10
WRJameson WilliamsDET,Jameson Williams,WR,"$5,418,809 ",Detroit Lions,WR,DET,8
PJamie GillanNYG,Jamie Gillan,P,"$2,119,607 ",New York Giants,P,NYG,14
LBJamien SherwoodNYJ,Jamien Sherwood,ILB,"$5,000,000 ",New York Jets,LB,NYJ,9
DLJamil MuhammadLAR,Jamil Muhammad,DE,"$841,666 ",Los Angeles Rams,DL,LAR,8
LBJamin DavisNYJ,Jamin Davis,OLB,"$1,197,500 ",New York Jets,LB,NYJ,9
DBJammie RobinsonARI,Jammie Robinson,S,"$1,030,000 ",Arizona Cardinals,DB,ARI,8
WRJamoi MayesCIN,Jamoi Mayes,WR,"$841,000 ",Cincinnati Bengals,WR,CIN,10
LBJamon JohnsonGB,Jamon Johnson,LB,"$845,000 ",Green Bay Packers,LB,GB,5
DLJamree KromahCHI,Jamree Kromah,DE,"$960,000 ",Chicago Bears,DL,CHI,5
DLJanarius RobinsonKC,Janarius Robinson,DE,"$1,100,000 ",Kansas City Chiefs,DL,KC,10
WRJaQuae JacksonLAC,JaQuae Jackson,WR,"$840,000 ",Los Angeles Chargers,WR,LAC,12
DBJaquan BriskerCHI,Jaquan Brisker,SS,"$4,038,371 ",Chicago Bears,DB,CHI,5
LBJared BartlettGB,Jared Bartlett,LB,"$840,000 ",Green Bay Packers,LB,GB,5
QBJared GoffDET,Jared Goff,QB,"$32,600,000 ",Detroit Lions,QB,DET,8
DLJared Harrison-HunteCAR,Jared Harrison-Hunte,DE,"$845,000 ",Carolina Panthers,DL,CAR,14
DLJared IveySEA,Jared Ivey,DE,"$845,000 ",Seattle Seahawks,DL,SEA,8
DLJared VerseLAR,Jared Verse,DE,"$3,439,624 ",Los Angeles Rams,DL,LAR,8
TEJared WileyKC,Jared Wiley,TE,"$1,132,155 ",Kansas City Chiefs,TE,KC,10
RBJaret PattersonLAC,Jaret Patterson,RB,"$1,030,000 ",Los Angeles Chargers,RB,LAC,12
DBJarius MonroeNYJ,Jarius Monroe,CB,"$960,000 ",New York Jets,DB,NYJ,9
RBJarquez HunterLAR,Jarquez Hunter,RB,"$1,089,695 ",Los Angeles Rams,RB,LAR,8
DLJarran ReedSEA,Jarran Reed,DT,"$5,000,000 ",Seattle Seahawks,DL,SEA,8
QBJarrett StidhamDEN,Jarrett Stidham,QB,"$4,000,000 ",Denver Broncos,QB,DEN,12
DBJarrian JonesJAC,Jarrian Jones,CB,"$1,271,889 ",Jacksonville Jaguars,DB,JAC,8
DBJarrick Bernard-ConverseNYJ,Jarrick Bernard-Converse,CB,"$1,071,278 ",New York Jets,DB,NYJ,9
DBJartavius MartinWAS,Jartavius Martin,CB,"$2,083,041 ",Washington Commanders,DB,WAS,12
DBJarvis Brownlee Jr.TEN,Jarvis Brownlee Jr.,CB,"$1,045,509 ",Tennessee Titans,DB,TEN,10
RBJashaun CorbinATL,Jashaun Corbin,RB,"$960,000 ",Atlanta Falcons,RB,ATL,5
DLJasheen DavisNO,Jasheen Davis,DE,"$843,333 ",New Orleans Saints,DL,NO,11
QBJason BeanIND,Jason Bean,QB,"$840,000 ",Indianapolis Colts,QB,IND,11
WRJason BrownleeKC,Jason Brownlee,WR,"$960,000 ",Kansas City Chiefs,WR,KC,10
DBJason Marshall Jr.MIA,Jason Marshall Jr.,CB,"$946,323 ",Miami Dolphins,DB,MIA,12
KJason MyersSEA,Jason Myers,K,"$6,825,000 ",Seattle Seahawks,K,SEA,8
DBJason PinnockSF,Jason Pinnock,CB,"$2,200,000 ",San Francisco 49ers,DB,SF,14
KJason SandersMIA,Jason Sanders,K,"$4,731,500 ",Miami Dolphins,K,MIA,12
DBJatravis BroughtonCAR,Jatravis Broughton,CB,"$843,333 ",Carolina Panthers,DB,CAR,14
WRJauan JenningsSF,Jauan Jennings,WR,"$4,258,000 ",San Francisco 49ers,WR,SF,14
WRJavon BakerNE,Javon Baker,WR,"$1,164,149 ",New England Patriots,WR,NE,14
DBJavon BullardGB,Javon Bullard,S,"$1,524,121 ",Green Bay Packers,DB,GB,5
DLJavon HargraveMIN,Javon Hargrave,DT,"$7,884,853 ",Minnesota Vikings,DL,MIN,6
DLJavon KinlawWAS,Javon Kinlaw,DT,"$5,300,000 ",Washington Commanders,DL,WAS,12
DLJavon SolomonBUF,Javon Solomon,DE,"$1,023,569 ",Buffalo Bills,DL,BUF,7
DLJavontae Jean-BaptisteWAS,Javontae Jean-Baptiste,DE,"$990,297 ",Washington Commanders,DL,WAS,12
RBJavonte WilliamsDAL,Javonte Williams,RB,"$3,000,000 ",Dallas Cowboys,RB,DAL,10
RBJawhar JordanHOU,Jawhar Jordan,RB,"$860,000 ",Houston Texans,RB,HOU,6
WRJaxon Smith-NjigbaSEA,Jaxon Smith-Njigba,WR,"$3,931,993 ",Seattle Seahawks,WR,SEA,8
QBJaxson DartNYG,Jaxson Dart,QB,"$3,086,896 ",New York Giants,QB,NYG,14
LBJay HigginsBAL,Jay Higgins,LB,"$846,666 ",Baltimore Ravens,LB,BAL,7
DLJay ToiaDAL,Jay Toia,DT,"$878,279 ",Dallas Cowboys,DL,DAL,10
DLJay TufeleNYJ,Jay Tufele,DT,"$1,030,000 ",New York Jets,DL,NYJ,9
DBJay WardMIN,Jay Ward,CB,"$1,193,386 ",Minnesota Vikings,DB,MIN,6
DBJaycee HornCAR,Jaycee Horn,CB,"$7,350,400 ",Carolina Panthers,DB,CAR,14
QBJayden DanielsWAS,Jayden Daniels,QB,"$8,578,784 ",Washington Commanders,QB,WAS,12
WRJayden HigginsHOU,Jayden Higgins,WR,"$2,127,422 ",Houston Texans,WR,HOU,6
DBJayden PriceNO,Jayden Price,CB,"$840,000 ",New Orleans Saints,DB,NO,11
WRJayden ReedGB,Jayden Reed,WR,"$1,958,394 ",Green Bay Packers,WR,GB,5
RBJaydon BlueDAL,Jaydon Blue,RB,"$946,767 ",Dallas Cowboys,RB,DAL,10
LBJaylan FordNO,Jaylan Ford,LB,"$1,023,569 ",New Orleans Saints,LB,NO,11
DLJaylen HarrellTEN,Jaylen Harrell,DE,"$980,184 ",Tennessee Titans,DL,TEN,10
WRJaylen JohnsonLAC,Jaylen Johnson,WR,"$840,000 ",Los Angeles Chargers,WR,LAC,12
DBJaylen JonesLAC,Jaylen Jones,S,"$841,666 ",Los Angeles Chargers,DB,LAC,12
DBJaylen MahoneySF,Jaylen Mahoney,S,"$960,000 ",San Francisco 49ers,DB,SF,14
DBJaylen McColloughLAR,Jaylen McCollough,S,"$965,000 ",Los Angeles Rams,DB,LAR,8
DBJaylen ReedHOU,Jaylen Reed,S,"$900,950 ",Houston Texans,DB,HOU,6
WRJaylen WaddleMIA,Jaylen Waddle,WR,"$8,020,600 ",Miami Dolphins,WR,MIA,12
RBJaylen WarrenPIT,Jaylen Warren,RB,"$5,346,000 ",Pittsburgh Steelers,RB,PIT,5
DBJaylen WatsonKC,Jaylen Watson,CB,"$3,427,343 ",Kansas City Chiefs,DB,KC,10
RBJaylen WrightMIA,Jaylen Wright,RB,"$1,150,005 ",Miami Dolphins,RB,MIA,12
WRJaylin LaneWAS,Jaylin Lane,WR,"$1,068,463 ",Washington Commanders,WR,WAS,12
WRJaylin NoelHOU,Jaylin Noel,WR,"$1,175,792 ",Houston Texans,WR,HOU,6
DBJaylin SmithHOU,Jaylin Smith,CB,"$1,120,215 ",Houston Texans,DB,HOU,6
DBJaylinn HawkinsNE,Jaylinn Hawkins,S,"$1,800,000 ",New England Patriots,DB,NE,14
LBJaylon AllenSF,Jaylon Allen,OLB,"$840,000 ",San Francisco 49ers,LB,SF,14
LBJaylon CarliesIND,Jaylon Carlies,LB,"$1,044,060 ",Indianapolis Colts,LB,IND,11
DBJaylon JohnsonCHI,Jaylon Johnson,CB,"$21,000,000 ",Chicago Bears,DB,CHI,5
DBJaylon JonesARI,Jaylon Jones,S,"$1,200,000 ",Arizona Cardinals,DB,ARI,8
DBJaylon JonesIND,Jaylon Jones,CB,"$1,058,370 ",Indianapolis Colts,DB,IND,11
LBJaylon SmithLV,Jaylon Smith,ILB,"$1,030,000 ",Las Vegas Raiders,LB,LV,8
DLJayson JonesBAL,Jayson Jones,DT,"$841,666 ",Baltimore Ravens,DL,BAL,7
LBJB BrownDEN,JB Brown,LB,"$843,333 ",Denver Broncos,LB,DEN,12
LBJD BertrandATL,JD Bertrand,LB,"$1,047,506 ",Atlanta Falcons,LB,ATL,5
DBJeff OkudahMIN,Jeff Okudah,CB,"$2,350,000 ",Minnesota Vikings,DB,MIN,6
DLJeffery SimmonsTEN,Jeffery Simmons,DT,"$22,770,588 ",Tennessee Titans,DL,TEN,10
LBJeffrey BassaKC,Jeffrey Bassa,LB,"$943,413 ",Kansas City Chiefs,LB,KC,10
TEJelani WoodsIND,Jelani Woods,TE,"$1,709,423 ",Indianapolis Colts,TE,IND,11
DLJeremiah LedbetterNYG,Jeremiah Ledbetter,DE,"$1,775,000 ",New York Giants,DL,NYG,14
DLJeremiah PharmsNE,Jeremiah Pharms,DT,"$1,080,000 ",New England Patriots,DL,NE,14
LBJeremiah Trotter Jr.PHI,Jeremiah Trotter Jr.,LB,"$1,042,117 ",Philadelphia Eagles,LB,PHI,9
WRJeremiah WebbNE,Jeremiah Webb,WR,"$840,666 ",New England Patriots,WR,NE,14
DBJeremy ChinnLV,Jeremy Chinn,S,"$6,629,000 ",Las Vegas Raiders,DB,LV,8
RBJeremy McNicholsWAS,Jeremy McNichols,RB,"$1,197,500 ",Washington Commanders,RB,WAS,12
DBJeremy ReavesWAS,Jeremy Reaves,S,"$3,247,500 ",Washington Commanders,DB,WAS,12
TEJeremy RuckertNYJ,Jeremy Ruckert,TE,"$1,605,198 ",New York Jets,TE,NYJ,9
WRJerjuan NewtonDEN,Jerjuan Newton,WR,"$840,000 ",Denver Broncos,WR,DEN,12
WRJermaine BurtonCIN,Jermaine Burton,WR,"$1,322,931 ",Cincinnati Bengals,WR,CIN,10
DLJermaine JohnsonNYJ,Jermaine Johnson,DE,"$4,164,186 ",New York Jets,DL,NYJ,9
TEJermaine TerryNYG,Jermaine Terry,TE,"$845,000 ",New York Giants,TE,NYG,14
RBJermar JeffersonTEN,Jermar Jefferson,RB,"$960,000 ",Tennessee Titans,RB,TEN,10
DBJermari HarrisTEN,Jermari Harris,CB,"$843,333 ",Tennessee Titans,DB,TEN,10
LBJerome BakerCLE,Jerome Baker,ILB,"$1,197,500 ",Cleveland Browns,LB,CLE,9
RBJerome FordCLE,Jerome Ford,RB,"$1,830,537 ",Cleveland Browns,RB,CLE,9
DBJerrick Reed IISEA,Jerrick Reed II,S,"$1,073,701 ",Seattle Seahawks,DB,SEA,8
WRJerry JeudyCLE,Jerry Jeudy,WR,"$7,975,000 ",Cleveland Browns,WR,CLE,9
DLJerry TilleryKC,Jerry Tillery,DT,"$1,790,000 ",Kansas City Chiefs,DL,KC,10
WRJeshaun JonesMIN,Jeshaun Jones,WR,"$840,000 ",Minnesota Vikings,WR,MIN,6
DBJessie Bates IIIATL,Jessie Bates III,FS,"$22,250,000 ",Atlanta Falcons,DB,ATL,5
DBJevon HollandNYG,Jevon Holland,S,"$9,941,177 ",New York Giants,DB,NYG,14
WRJha'Quan JacksonTEN,Jha'Quan Jackson,WR,"$1,010,917 ",Tennessee Titans,WR,TEN,10
DBJi'Ayir BrownSF,Ji'Ayir Brown,SS,"$1,471,584 ",San Francisco 49ers,DB,SF,14
LBJihaad CampbellPHI,Jihaad Campbell,LB,"$2,709,741 ",Philadelphia Eagles,LB,PHI,9
LBJihad WardTEN,Jihad Ward,OLB,"$1,180,000 ",Tennessee Titans,LB,TEN,10
DBJimmie WardHOU,Jimmie Ward,S,"$5,669,118 ",Houston Texans,DB,HOU,6
QBJimmy GaroppoloLAR,Jimmy Garoppolo,QB,"$3,125,588 ",Los Angeles Rams,QB,LAR,8
WRJimmy HolidayKC,Jimmy Holiday,WR,"$840,000 ",Kansas City Chiefs,WR,KC,10
WRJimmy Horn Jr.CAR,Jimmy Horn Jr.,WR,"$888,860 ",Carolina Panthers,WR,CAR,14
DLJJ PeguesLV,JJ Pegues,DT,"$906,785 ",Las Vegas Raiders,DL,LV,8
PJK ScottLAC,JK Scott,P,"$2,200,000 ",Los Angeles Chargers,P,LAC,12
DBJL SkinnerDEN,JL Skinner,S,"$1,079,055 ",Denver Broncos,DB,DEN,12
WRJoaquin DavisDEN,Joaquin Davis,WR,"$841,666 ",Denver Broncos,WR,DEN,12
LBJoe AndreessenBUF,Joe Andreessen,ILB,"$960,833 ",Buffalo Bills,LB,BUF,7
LBJoe BachieIND,Joe Bachie,ILB,"$1,030,000 ",Indianapolis Colts,LB,IND,11
QBJoe BurrowCIN,Joe Burrow,QB,"$45,999,784 ",Cincinnati Bengals,QB,CIN,10
DLJoe EvansPHI,Joe Evans,DT,"$840,000 ",Philadelphia Eagles,DL,PHI,9
QBJoe FlaccoCLE,Joe Flacco,QB,"$2,854,000 ",Cleveland Browns,QB,CLE,9
LBJoe Giles-HarrisCIN,Joe Giles-Harris,ILB,"$1,100,000 ",Cincinnati Bengals,LB,CIN,10
QBJoe Milton IIIDAL,Joe Milton III,QB,"$960,000 ",Dallas Cowboys,QB,DAL,10
RBJoe MixonHOU,Joe Mixon,RB,"$9,411,765 ",Houston Texans,RB,HOU,6
LBJoe TryonCLE,Joe Tryon,OLB,"$1,910,000 ",Cleveland Browns,LB,CLE,9
DBJoey BlountARI,Joey Blount,S,"$1,700,000 ",Arizona Cardinals,DB,ARI,8
LBJoey BosaBUF,Joey Bosa,OLB,"$5,320,000 ",Buffalo Bills,LB,BUF,7
DBJoey Porter Jr.PIT,Joey Porter Jr.,CB,"$2,623,185 ",Pittsburgh Steelers,DB,PIT,5
KJoey SlyeTEN,Joey Slye,K,"$1,155,000 ",Tennessee Titans,K,TEN,10
TEJohn BatesWAS,John Bates,TE,"$4,333,333 ",Washington Commanders,TE,WAS,12
LBJohn BullockTB,John Bullock,LB,"$845,833 ",Tampa Bay Buccaneers,LB,TB,9
TEJohn CopenhaverJAC,John Copenhaver,TE,"$843,333 ",Jacksonville Jaguars,TE,JAC,8
TEJohn FitzPatrickGB,John FitzPatrick,TE,"$1,430,000 ",Green Bay Packers,TE,GB,5
DLJohn Franklin-MyersDEN,John Franklin-Myers,DE,"$10,000,000 ",Denver Broncos,DL,DEN,12
DBJohn HumphreyLV,John Humphrey,CB,"$844,000 ",Las Vegas Raiders,DB,LV,8
WRJohn JacksonCHI,John Jackson,WR,"$840,000 ",Chicago Bears,WR,CHI,5
DLJohn JenkinsBAL,John Jenkins,DT,"$1,850,000 ",Baltimore Ravens,DL,BAL,7
WRJohn MetchieHOU,John Metchie,WR,"$2,567,782 ",Houston Texans,WR,HOU,6
KJohn Parker RomoNE,John Parker Romo,K,"$960,000 ",New England Patriots,K,NE,14
WRJohn RichardsonCHI,John Richardson,WR,"$846,666 ",Chicago Bears,WR,CHI,5
DLJohn RidgewayNO,John Ridgeway,DT,"$1,100,000 ",New Orleans Saints,DL,NO,11
DBJohn Saunders JrMIA,John Saunders Jr,S,"$846,666 ",Miami Dolphins,DB,MIA,12
TEJohn StephensDAL,John Stephens,TE,"$961,000 ",Dallas Cowboys,TE,DAL,10
QBJohn WolfordJAC,John Wolford,QB,"$1,030,000 ",Jacksonville Jaguars,QB,JAC,8
DBJohnathan BaldwinGB,Johnathan Baldwin,S,"$845,000 ",Green Bay Packers,DB,GB,5
DBJohnathan EdwardsIND,Johnathan Edwards,S,"$850,000 ",Indianapolis Colts,DB,IND,11
DLJohnathan HankinsSEA,Johnathan Hankins,DT,"$2,115,000 ",Seattle Seahawks,DL,SEA,8
PJohnny HekkerTEN,Johnny Hekker,P,"$1,197,500 ",Tennessee Titans,P,TEN,10
TEJohnny MundtJAC,Johnny Mundt,TE,"$2,250,000 ",Jacksonville Jaguars,TE,JAC,8
DLJohnny NewtonWAS,Johnny Newton,DT,"$2,217,725 ",Washington Commanders,DL,WAS,12
WRJohnny WilsonPHI,Johnny Wilson,WR,"$1,009,252 ",Philadelphia Eagles,WR,PHI,9
LBJon RhattiganCAR,Jon Rhattigan,ILB,"$1,600,000 ",Carolina Panthers,LB,CAR,14
DLJonah EllissDEN,Jonah Elliss,DE,"$1,334,253 ",Denver Broncos,DL,DEN,12
DLJonah LauluLV,Jonah Laulu,DT,"$960,000 ",Las Vegas Raiders,DL,LV,8
DLJonah WilliamsNO,Jonah Williams,DE,"$1,030,000 ",New Orleans Saints,DL,NO,11
DBJonas SankerNO,Jonas Sanker,S,"$1,135,491 ",New Orleans Saints,DB,NO,11
DLJonathan AllenMIN,Jonathan Allen,DT,"$6,421,667 ",Minnesota Vikings,DL,MIN,6
DLJonathan BullardNO,Jonathan Bullard,DE,"$1,422,500 ",New Orleans Saints,DL,NO,11
DLJonathan FordCHI,Jonathan Ford,DT,"$1,030,000 ",Chicago Bears,DL,CHI,5
LBJonathan GarvinSF,Jonathan Garvin,OLB,"$1,100,000 ",San Francisco 49ers,LB,SF,14
DLJonathan GreenardMIN,Jonathan Greenard,DE,"$22,300,000 ",Minnesota Vikings,DL,MIN,6
DLJonathan HarrisMIN,Jonathan Harris,DE,"$1,030,000 ",Minnesota Vikings,DL,MIN,6
DBJonathan JonesWAS,Jonathan Jones,CB,"$5,500,000 ",Washington Commanders,DB,WAS,12
KJonathan KimCHI,Jonathan Kim,K,"$841,666 ",Chicago Bears,K,CHI,5
WRJonathan MingoDAL,Jonathan Mingo,WR,"$1,555,145 ",Dallas Cowboys,WR,DAL,10
DBJonathan OwensCHI,Jonathan Owens,SS,"$1,925,000 ",Chicago Bears,DB,CHI,5
RBJonathan TaylorIND,Jonathan Taylor,RB,"$15,382,000 ",Indianapolis Colts,RB,IND,11
LBJonathon CooperDEN,Jonathon Cooper,OLB,"$8,145,000 ",Denver Broncos,LB,DEN,12
TEJonnu SmithPIT,Jonnu Smith,TE,"$5,127,500 ",Pittsburgh Steelers,TE,PIT,5
WRJordan AddisonMIN,Jordan Addison,WR,"$3,745,020 ",Minnesota Vikings,WR,MIN,6
DBJordan BattleCIN,Jordan Battle,S,"$1,452,277 ",Cincinnati Bengals,DB,CIN,10
WRJordan BlyNYG,Jordan Bly,WR,"$841,666 ",New York Giants,WR,NYG,14
DLJordan BurchARI,Jordan Burch,DE,"$1,179,905 ",Arizona Cardinals,DL,ARI,8
DBJordan ClarkNYJ,Jordan Clark,CB,"$846,666 ",New York Jets,DB,NYJ,9
DBJordan ColbertMIA,Jordan Colbert,S,"$840,000 ",Miami Dolphins,DB,MIA,12
DLJordan DavisPHI,Jordan Davis,DT,"$5,399,787 ",Philadelphia Eagles,DL,PHI,9
DLJordan ElliottSF,Jordan Elliott,DT,"$3,406,165 ",San Francisco 49ers,DL,SF,14
DBJordan FullerATL,Jordan Fuller,S,"$1,155,000 ",Atlanta Falcons,DB,ATL,5
DBJordan HancockBUF,Jordan Hancock,CB,"$920,054 ",Buffalo Bills,DB,BUF,7
DBJordan HowdenNO,Jordan Howden,S,"$1,111,682 ",New Orleans Saints,DB,NO,11
DLJordan JacksonDEN,Jordan Jackson,DE,"$960,000 ",Denver Broncos,DL,DEN,12
RBJordan JamesSF,Jordan James,RB,"$949,923 ",San Francisco 49ers,RB,SF,14
DLJordan JeffersonJAC,Jordan Jefferson,DT,"$1,155,769 ",Jacksonville Jaguars,DL,JAC,8
QBJordan LoveGB,Jordan Love,QB,"$29,687,143 ",Green Bay Packers,QB,GB,5
LBJordan MageeWAS,Jordan Magee,LB,"$1,052,807 ",Washington Commanders,LB,WAS,12
RBJordan MasonMIN,Jordan Mason,RB,"$2,250,000 ",Minnesota Vikings,RB,MIN,6
DLJordan MillerDEN,Jordan Miller,DT,"$840,000 ",Denver Broncos,DL,DEN,12
RBJordan MimsTEN,Jordan Mims,RB,"$960,000 ",Tennessee Titans,RB,TEN,10
WRJordan MooreCIN,Jordan Moore,WR,"$846,666 ",Cincinnati Bengals,WR,CIN,10
DBJordan OladokunLAC,Jordan Oladokun,CB,"$843,333 ",Los Angeles Chargers,DB,LAC,12
DLJordan PhillipsMIA,Jordan Phillips,DT,"$954,576 ",Miami Dolphins,DL,MIA,12
DBJordan PolkNE,Jordan Polk,S,"$843,333 ",New England Patriots,DB,NE,14
PJordan StoutBAL,Jordan Stout,P,"$1,274,459 ",Baltimore Ravens,P,BAL,7
RBJordan WatersLAR,Jordan Waters,RB,"$842,333 ",Los Angeles Rams,RB,LAR,8
WRJordan WatkinsSF,Jordan Watkins,WR,"$1,006,454 ",San Francisco 49ers,WR,SF,14
WRJordan WhittingtonLAR,Jordan Whittington,WR,"$994,597 ",Los Angeles Rams,WR,LAR,8
DLJordon RileyNYG,Jordon Riley,DT,"$1,050,942 ",New York Giants,DL,NYG,14
LBJordyn BrooksMIA,Jordyn Brooks,LB,"$11,050,000 ",Miami Dolphins,LB,MIA,12
DLJosaiah StewartLAR,Josaiah Stewart,DE,"$1,140,984 ",Los Angeles Rams,DL,LAR,8
LBJose RamirezTB,Jose Ramirez,OLB,"$960,000 ",Tampa Bay Buccaneers,LB,TB,9
DLJoseph OssaiCIN,Joseph Ossai,DE,"$6,500,000 ",Cincinnati Bengals,DL,CIN,10
QBJosh AllenBUF,Josh Allen,QB,"$36,335,281 ",Buffalo Bills,QB,BUF,7
DBJosh BlackwellCHI,Josh Blackwell,CB,"$2,375,000 ",Chicago Bears,DB,CHI,5
DBJosh ButlerDAL,Josh Butler,S,"$960,000 ",Dallas Cowboys,DB,DAL,10
WRJosh DownsIND,Josh Downs,WR,"$1,505,580 ",Indianapolis Colts,WR,IND,11
DBJosh HayesTB,Josh Hayes,S,"$1,081,093 ",Tampa Bay Buccaneers,DB,TB,9
LBJosh Hines-AllenJAC,Josh Hines-Allen,OLB,"$15,370,588 ",Jacksonville Jaguars,LB,JAC,8
RBJosh JacobsGB,Josh Jacobs,RB,"$11,325,000 ",Green Bay Packers,RB,GB,5
DBJosh JobeSEA,Josh Jobe,CB,"$1,860,000 ",Seattle Seahawks,DB,SEA,8
QBJosh JohnsonWAS,Josh Johnson,QB,"$1,197,500 ",Washington Commanders,QB,WAS,12
WRJosh KellyDAL,Josh Kelly,WR,"$842,500 ",Dallas Cowboys,WR,DAL,10
DBJosh MinkinsNE,Josh Minkins,S,"$842,333 ",New England Patriots,DB,NE,14
DBJosh NewtonCIN,Josh Newton,CB,"$1,044,319 ",Cincinnati Bengals,DB,CIN,10
TEJosh OliverMIN,Josh Oliver,TE,"$4,264,000 ",Minnesota Vikings,TE,MIN,6
DLJosh PaschalDET,Josh Paschal,DE,"$2,461,345 ",Detroit Lions,DL,DET,8
LBJosh PearcyLAR,Josh Pearcy,LB,"$843,333 ",Los Angeles Rams,LB,LAR,8
WRJosh ReynoldsNYJ,Josh Reynolds,WR,"$2,750,000 ",New York Jets,WR,NYJ,9
LBJosh RossSEA,Josh Ross,ILB,"$1,030,000 ",Seattle Seahawks,LB,SEA,8
LBJosh SweatARI,Josh Sweat,OLB,"$7,300,000 ",Arizona Cardinals,LB,ARI,8
DLJosh TupouIND,Josh Tupou,DT,"$1,030,000 ",Indianapolis Colts,DL,IND,11
DBJosh WallaceLAR,Josh Wallace,CB,"$980,000 ",Los Angeles Rams,DB,LAR,8
TEJosh WhyleTEN,Josh Whyle,TE,"$1,111,343 ",Tennessee Titans,TE,TEN,10
RBJosh WilliamsTB,Josh Williams,RB,"$845,000 ",Tampa Bay Buccaneers,RB,TB,9
LBJosh WoodsATL,Josh Woods,LB,"$1,030,000 ",Atlanta Falcons,LB,ATL,5
QBJoshua DobbsNE,Joshua Dobbs,QB,"$2,925,000 ",New England Patriots,QB,NE,14
DLJoshua FarmerNE,Joshua Farmer,DT,"$1,006,454 ",New England Patriots,DL,NE,14
KJoshua KartyLAR,Joshua Karty,K,"$994,597 ",Los Angeles Rams,K,LAR,8
DBJoshua MetellusMIN,Joshua Metellus,S,"$4,730,000 ",Minnesota Vikings,DB,MIN,6
WRJoshua PalmerBUF,Joshua Palmer,WR,"$4,310,000 ",Buffalo Bills,WR,BUF,7
DBJoshua PickettDEN,Joshua Pickett,CB,"$843,333 ",Denver Broncos,DB,DEN,12
TEJoshua SimonATL,Joshua Simon,TE,"$846,666 ",Atlanta Falcons,TE,ATL,5
LBJoshua UchePHI,Joshua Uche,OLB,"$1,320,000 ",Philadelphia Eagles,LB,PHI,9
DBJoshua WilliamsKC,Joshua Williams,CB,"$3,572,565 ",Kansas City Chiefs,DB,KC,10
DBJoshuah BledsoeTEN,Joshuah Bledsoe,S,"$960,000 ",Tennessee Titans,DB,TEN,10
TEJosiah DeguaraARI,Josiah Deguara,TE,"$1,030,000 ",Arizona Cardinals,TE,ARI,8
DBJourdan LewisJAC,Jourdan Lewis,CB,"$5,818,627 ",Jacksonville Jaguars,DB,JAC,8
DLJowon BriggsCLE,Jowon Briggs,DT,"$960,000 ",Cleveland Browns,DL,CLE,9
DLJT TuimoloauIND,JT Tuimoloau,DE,"$1,807,722 ",Indianapolis Colts,DL,IND,11
DBJT WoodsLV,JT Woods,S,"$1,030,000 ",Las Vegas Raiders,DB,LV,8
DBJuan ThornhillPIT,Juan Thornhill,S,"$3,000,000 ",Pittsburgh Steelers,DB,PIT,5
DBJuanyeh ThomasDAL,Juanyeh Thomas,S,"$1,030,000 ",Dallas Cowboys,DB,DAL,10
WRJuJu Smith-SchusterKC,JuJu Smith-Schuster,WR,"$1,197,500 ",Kansas City Chiefs,WR,KC,10
DBJulian BlackmonNO,Julian Blackmon,S,"$3,170,000 ",New Orleans Saints,DB,NO,11
WRJulian FlemingGB,Julian Fleming,WR,"$843,333 ",Green Bay Packers,WR,GB,5
WRJulian HicksGB,Julian Hicks,WR,"$840,000 ",Green Bay Packers,WR,GB,5
TEJulian HillMIA,Julian Hill,TE,"$1,034,167 ",Miami Dolphins,TE,MIA,12
DBJulian LoveSEA,Julian Love,FS,"$6,116,666 ",Seattle Seahawks,DB,SEA,8
LBJulian OkwaraCLE,Julian Okwara,OLB,"$1,167,500 ",Cleveland Browns,LB,CLE,9
DBJulius BrentsIND,Julius Brents,CB,"$2,235,528 ",Indianapolis Colts,DB,IND,11
RBJulius ChestnutTEN,Julius Chestnut,RB,"$1,100,000 ",Tennessee Titans,RB,TEN,10
DBJulius WoodTEN,Julius Wood,S,"$960,000 ",Tennessee Titans,DB,TEN,10
WRJunior BergenSF,Junior Bergen,WR,"$865,418 ",San Francisco 49ers,WR,SF,14
LBJunior ColsonLAC,Junior Colson,LB,"$1,369,774 ",Los Angeles Chargers,LB,LAC,12
DLJunior TafunaHOU,Junior Tafuna,DT,"$848,333 ",Houston Texans,DL,HOU,6
RBJustice HillBAL,Justice Hill,RB,"$2,416,666 ",Baltimore Ravens,RB,BAL,7
WRJustin BarronDAL,Justin Barron,WR,"$846,666 ",Dallas Cowboys,WR,DAL,10
DLJustin EboigbeLAC,Justin Eboigbe,DT,"$1,169,753 ",Los Angeles Chargers,DL,LAC,12
QBJustin FieldsNYJ,Justin Fields,QB,"$8,000,000 ",New York Jets,QB,NYJ,9
QBJustin HerbertLAC,Justin Herbert,QB,"$37,345,675 ",Los Angeles Chargers,QB,LAC,12
WRJustin JeffersonMIN,Justin Jefferson,WR,"$15,167,600 ",Minnesota Vikings,WR,MIN,6
DLJustin JonesARI,Justin Jones,DT,"$11,345,000 ",Arizona Cardinals,DL,ARI,8
DBJustin ReidNO,Justin Reid,S,"$3,800,000 ",New Orleans Saints,DB,NO,11
TEJustin ShorterLV,Justin Shorter,TE,"$960,000 ",Las Vegas Raiders,TE,LV,8
LBJustin StrnadDEN,Justin Strnad,ILB,"$1,337,500 ",Denver Broncos,LB,DEN,12
DBJustin WalleyIND,Justin Walley,CB,"$1,171,639 ",Indianapolis Colts,DB,IND,11
WRJustin WatsonHOU,Justin Watson,WR,"$2,500,000 ",Houston Texans,WR,HOU,6
TEJuwan JohnsonNO,Juwan Johnson,TE,"$5,245,000 ",New Orleans Saints,TE,NO,11
LBK.C. OssaiHOU,K.C. Ossai,LB,"$845,000 ",Houston Texans,LB,HOU,6
LBK.J. BrittMIA,K.J. Britt,ILB,"$1,197,500 ",Miami Dolphins,LB,MIA,12
WRK.J. HamlerBUF,K.J. Hamler,WR,"$1,108,000 ",Buffalo Bills,WR,BUF,7
DLK.J. HenryCLE,K.J. Henry,DE,"$1,030,000 ",Cleveland Browns,DL,CLE,9
WRK.J. OsbornWAS,K.J. Osborn,WR,"$1,055,000 ",Washington Commanders,WR,WAS,12
LBK’Lavon ChaissonNE,K’Lavon Chaisson,OLB,"$3,940,000 ",New England Patriots,LB,NE,14
DBK'Von WallaceNYG,K'Von Wallace,S,"$1,030,000 ",New York Giants,DB,NYG,14
KKa'imi FairbairnHOU,Ka'imi Fairbairn,K,"$6,733,110 ",Houston Texans,K,HOU,6
WRKaden DavisCLE,Kaden Davis,WR,"$840,000 ",Cleveland Browns,WR,CLE,9
LBKaden EllissATL,Kaden Elliss,ILB,"$8,500,000 ",Atlanta Falcons,LB,ATL,5
WRKaden PratherBUF,Kaden Prather,WR,"$867,592 ",Buffalo Bills,WR,BUF,7
DBKaevon MerriweatherTB,Kaevon Merriweather,S,"$1,030,000 ",Tampa Bay Buccaneers,DB,TB,9
DBKahlef HailassieMIN,Kahlef Hailassie,S,"$1,030,000 ",Minnesota Vikings,DB,MIN,6
PKai KroegerNO,Kai Kroeger,P,"$840,000 ",New Orleans Saints,P,NO,11
DBKaiir ElamDAL,Kaiir Elam,CB,"$2,571,929 ",Dallas Cowboys,DB,DAL,10
DLKaimon RuckerBAL,Kaimon Rucker,DE,"$840,000 ",Baltimore Ravens,DL,BAL,7
LBKain MedranoWAS,Kain Medrano,LB,"$892,086 ",Washington Commanders,LB,WAS,12
RBKaleb JohnsonPIT,Kaleb Johnson,RB,"$1,158,557 ",Pittsburgh Steelers,RB,PIT,5
RBKalel MullingsTEN,Kalel Mullings,RB,"$899,626 ",Tennessee Titans,RB,TEN,10
DBKalen KingGB,Kalen King,CB,"$840,000 ",Green Bay Packers,DB,GB,5
DLKalia DavisSF,Kalia Davis,DT,"$1,133,004 ",San Francisco 49ers,DL,SF,14
WRKalif RaymondDET,Kalif Raymond,WR,"$6,950,000 ",Detroit Lions,WR,DET,8
DBKam AlexanderSEA,Kam Alexander,CB,"$840,000 ",Seattle Seahawks,DB,SEA,8
LBKam ArnoldWAS,Kam Arnold,LB,"$843,333 ",Washington Commanders,LB,WAS,12
DBKam CurlLAR,Kam Curl,SS,"$4,750,000 ",Los Angeles Rams,DB,LAR,8
DBKamal HaddenGB,Kamal Hadden,CB,"$840,000 ",Green Bay Packers,DB,GB,5
DBKamari LassiterHOU,Kamari Lassiter,CB,"$2,048,818 ",Houston Texans,DB,HOU,6
WRKameron JohnsonTB,Kameron Johnson,WR,"$963,333 ",Tampa Bay Buccaneers,WR,TB,9
DBKamren KinchensLAR,Kamren Kinchens,S,"$1,271,889 ",Los Angeles Rams,DB,LAR,8
LBKana’i MaugaLAC,Kana’i Mauga,ILB,"$1,030,000 ",Los Angeles Chargers,LB,LAC,12
RBKareem HuntKC,Kareem Hunt,RB,"$1,482,353 ",Kansas City Chiefs,RB,KC,10
LBKarene ReidDEN,Karene Reid,LB,"$845,000 ",Denver Broncos,LB,DEN,12
DLKarl BrooksGB,Karl Brooks,DT,"$1,083,007 ",Green Bay Packers,DL,GB,5
WRKavontae TurpinDAL,Kavontae Turpin,WR,"$3,100,000 ",Dallas Cowboys,WR,DAL,10
RBKay'ron Lynch-AdamsCAR,Kay'ron Lynch-Adams,RB,"$843,333 ",Carolina Panthers,RB,CAR,14
WRKayshon BoutteNE,Kayshon Boutte,WR,"$1,076,818 ",New England Patriots,WR,NE,14
LBKayvon ThibodeauxNYG,Kayvon Thibodeaux,OLB,"$9,971,512 ",New York Giants,LB,NYG,14
WRKe’Shawn WilliamsPIT,Ke’Shawn Williams,WR,"$843,333 ",Pittsburgh Steelers,WR,PIT,5
WRKeAndre Lambert-SmithLAC,KeAndre Lambert-Smith,WR,"$942,001 ",Los Angeles Chargers,WR,LAC,12
RBKeaton MitchellBAL,Keaton Mitchell,RB,"$1,036,000 ",Baltimore Ravens,RB,BAL,7
QBKedon SlovisHOU,Kedon Slovis,QB,"$840,000 ",Houston Texans,QB,HOU,6
DLKeeanu BentonPIT,Keeanu Benton,DT,"$1,999,942 ",Pittsburgh Steelers,DL,PIT,5
DBKeenan GarberMIN,Keenan Garber,CB,"$842,500 ",Minnesota Vikings,DB,MIN,6
DBKeenan IsaacCLE,Keenan Isaac,CB,"$1,030,000 ",Cleveland Browns,DB,CLE,9
DBKei'Trel ClarkARI,Kei'Trel Clark,CB,"$1,082,153 ",Arizona Cardinals,DB,ARI,8
DBKeidron SmithDEN,Keidron Smith,S,"$960,000 ",Denver Broncos,DB,DEN,12
RBKeilan RobinsonPHI,Keilan Robinson,RB,"$960,000 ",Philadelphia Eagles,RB,PHI,9
DLKeion WhiteNE,Keion White,DE,"$2,124,589 ",New England Patriots,DL,NE,14
LBKeir ThomasLAR,Keir Thomas,OLB,"$1,030,000 ",Los Angeles Rams,LB,LAR,8
DBKeisean NixonGB,Keisean Nixon,CB,"$6,841,666 ",Green Bay Packers,DB,GB,5
DLKeith Cooper Jr.DET,Keith Cooper Jr.,DE,"$846,666 ",Detroit Lions,DL,DET,8
WRKeith KirkwoodBAL,Keith Kirkwood,WR,"$1,030,000 ",Baltimore Ravens,WR,BAL,7
DBKeith TaylorATL,Keith Taylor,CB,"$1,100,000 ",Atlanta Falcons,DB,ATL,5
DLKeivie RoseJAC,Keivie Rose,DT,"$842,500 ",Jacksonville Jaguars,DL,JAC,8
DBKelee RingoPHI,Kelee Ringo,CB,"$1,235,231 ",Philadelphia Eagles,DB,PHI,9
TEKeleki LatuBUF,Keleki Latu,TE,"$845,000 ",Buffalo Bills,TE,BUF,7
DBKemon HallDAL,Kemon Hall,CB,"$1,100,000 ",Dallas Cowboys,DB,DAL,10
RBKendall MiltonCIN,Kendall Milton,RB,"$960,000 ",Cincinnati Bengals,RB,CIN,10
DBKendall SheffieldMIA,Kendall Sheffield,CB,"$1,030,000 ",Miami Dolphins,DB,MIA,12
DBKendall WilliamsonLAC,Kendall Williamson,S,"$960,000 ",Los Angeles Chargers,DB,LAC,12
DBKendell BrooksTEN,Kendell Brooks,S,"$960,000 ",Tennessee Titans,DB,TEN,10
RBKendre MillerNO,Kendre Miller,RB,"$1,542,087 ",New Orleans Saints,RB,NO,11
WRKendric PryorCIN,Kendric Pryor,WR,"$1,030,000 ",Cincinnati Bengals,WR,CIN,10
WRKendrick BourneNE,Kendrick Bourne,WR,"$7,700,000 ",New England Patriots,WR,NE,14
RBKene NwangwuNYJ,Kene Nwangwu,RB,"$1,411,765 ",New York Jets,RB,NYJ,9
RBKenneth GainwellPIT,Kenneth Gainwell,RB,"$1,790,000 ",Pittsburgh Steelers,RB,PIT,5
DLKenneth GrantMIA,Kenneth Grant,DT,"$3,992,057 ",Miami Dolphins,DL,MIA,12
LBKenneth Murray Jr.DAL,Kenneth Murray Jr.,LB,"$7,410,000 ",Dallas Cowboys,LB,DAL,10
RBKenneth Walker IIISEA,Kenneth Walker III,RB,"$2,685,958 ",Seattle Seahawks,RB,SEA,8
DLKenny ClarkGB,Kenny Clark,DT,"$20,365,000 ",Green Bay Packers,DL,GB,5
DBKenny MooreIND,Kenny Moore,CB,"$10,690,000 ",Indianapolis Colts,DB,IND,11
QBKenny PickettLV,Kenny Pickett,QB,"$2,623,350 ",Las Vegas Raiders,QB,LV,8
TEKenny YeboahDET,Kenny Yeboah,TE,"$1,197,500 ",Detroit Lions,TE,DET,8
DLKentavius StreetATL,Kentavius Street,DE,"$1,197,500 ",Atlanta Falcons,DL,ATL,5
WRKeon ColemanBUF,Keon Coleman,WR,"$2,289,604 ",Buffalo Bills,WR,BUF,7
DLKeondre CoburnLV,Keondre Coburn,DT,"$1,030,000 ",Las Vegas Raiders,DL,LV,8
DBKeondre JacksonBAL,Keondre Jackson,S,"$842,500 ",Baltimore Ravens,DB,BAL,7
LBKeonta JenkinsBUF,Keonta Jenkins,LB,"$848,333 ",Buffalo Bills,LB,BUF,7
DBKerby JosephDET,Kerby Joseph,S,"$3,859,455 ",Detroit Lions,DB,DET,8
WRKetron JacksonLV,Ketron Jackson,WR,"$840,000 ",Las Vegas Raiders,WR,LV,8
WRKevin AustinNO,Kevin Austin,WR,"$960,000 ",New Orleans Saints,WR,NO,11
DBKevin Byard IIICHI,Kevin Byard III,SS,"$8,500,000 ",Chicago Bears,DB,CHI,5
DLKevin GivensSF,Kevin Givens,DT,"$1,195,000 ",San Francisco 49ers,DL,SF,14
DBKevin KnowlesKC,Kevin Knowles,CB,"$846,666 ",Kansas City Chiefs,DB,KC,10
DBKevin Winston Jr.TEN,Kevin Winston Jr.,S,"$1,164,544 ",Tennessee Titans,DB,TEN,10
DBKevon SeymourWAS,Kevon Seymour,CB,"$1,030,000 ",Washington Commanders,DB,WAS,12
DBKeydrain CalliganSEA,Keydrain Calligan,S,"$840,000 ",Seattle Seahawks,DB,SEA,8
DBKeyon MartinBAL,Keyon Martin,S,"$840,000 ",Baltimore Ravens,DB,BAL,7
WRKhadarel HodgeATL,Khadarel Hodge,WR,"$2,135,000 ",Atlanta Falcons,WR,ATL,5
DLKhalen SaundersNO,Khalen Saunders,DT,"$2,525,882 ",New Orleans Saints,DL,NO,11
DLKhalid KareemATL,Khalid Kareem,DE,"$1,030,000 ",Atlanta Falcons,DL,ATL,5
DBKhalil DorseyDET,Khalil Dorsey,CB,"$1,484,412 ",Detroit Lions,DB,DET,8
RBKhalil HerbertIND,Khalil Herbert,RB,"$1,197,500 ",Indianapolis Colts,RB,IND,11
LBKhalil MackLAC,Khalil Mack,OLB,"$26,872,500 ",Los Angeles Chargers,LB,LAC,12
WRKhalil ShakirBUF,Khalil Shakir,WR,"$2,586,787 ",Buffalo Bills,WR,BUF,7
DLKhristian BoydNO,Khristian Boyd,DT,"$1,004,707 ",New Orleans Saints,DL,NO,11
DLKhyiris TongaNE,Khyiris Tonga,DT,"$2,020,000 ",New England Patriots,DL,NE,14
RBKimani VidalLAC,Kimani Vidal,RB,"$1,011,859 ",Los Angeles Chargers,RB,LAC,12
DBKindle VildorTB,Kindle Vildor,CB,"$1,197,500 ",Tampa Bay Buccaneers,DB,TB,9
LBKingsley EnagbareGB,Kingsley Enagbare,OLB,"$3,466,638 ",Green Bay Packers,LB,GB,5
DLKingsley JonathanNYJ,Kingsley Jonathan,DE,"$1,030,000 ",New York Jets,DL,NYJ,9
QBKirk CousinsATL,Kirk Cousins,QB,"$40,000,000 ",Atlanta Falcons,QB,ATL,5
WRKisean JohnsonCLE,Kisean Johnson,WR,"$840,000 ",Cleveland Browns,WR,CLE,9
DBKitan CrawfordARI,Kitan Crawford,S,"$874,473 ",Arizona Cardinals,DB,ARI,8
DBKitan OladapoGB,Kitan Oladapo,S,"$1,023,569 ",Green Bay Packers,DB,GB,5
TEKo KieftTB,Ko Kieft,TE,"$1,133,004 ",Tampa Bay Buccaneers,TE,TB,9
WRKobe HudsonCAR,Kobe Hudson,WR,"$846,666 ",Carolina Panthers,WR,CAR,14
LBKobe KingMIN,Kobe King,LB,"$894,767 ",Minnesota Vikings,LB,MIN,6
DBKobee MinorNE,Kobee Minor,S,"$865,418 ",New England Patriots,DB,NE,14
DLKobie TurnerLAR,Kobie Turner,DT,"$1,470,402 ",Los Angeles Rams,DL,LAR,8
WRKonata MumpfieldLAR,Konata Mumpfield,WR,"$867,134 ",Los Angeles Rams,WR,LAR,8
DBKool-Aid McKinstryNO,Kool-Aid McKinstry,CB,"$2,081,161 ",New Orleans Saints,DB,NO,11
DBKorie BlackNYG,Korie Black,CB,"$866,110 ",New York Giants,DB,NYG,14
DBKris Abrams-DraineDEN,Kris Abrams-Draine,CB,"$1,047,068 ",Denver Broncos,DB,DEN,12
DBKris BoydNYJ,Kris Boyd,CB,"$1,600,000 ",New York Jets,DB,NYJ,9
DLKris JenkinsCIN,Kris Jenkins,DT,"$1,786,469 ",Cincinnati Bengals,DL,CIN,10
DBKristian FultonKC,Kristian Fulton,CB,"$7,000,000 ",Kansas City Chiefs,DB,KC,10
LBKristian WelchGB,Kristian Welch,ILB,"$1,030,000 ",Green Bay Packers,LB,GB,5
WRKristian WilkersonBUF,Kristian Wilkerson,WR,"$1,100,000 ",Buffalo Bills,WR,BUF,7
DLKristian WilliamsDEN,Kristian Williams,DT,"$843,333 ",Denver Broncos,DL,DEN,12
DLKurt HinishHOU,Kurt Hinish,DT,"$1,727,941 ",Houston Texans,DL,HOU,6
QBKurtis RourkeSF,Kurtis Rourke,QB,"$873,559 ",San Francisco 49ers,QB,SF,14
DLKwity PayeIND,Kwity Paye,DE,"$13,387,000 ",Indianapolis Colts,DL,IND,11
LBKylan GuidryLAC,Kylan Guidry,OLB,"$841,666 ",Los Angeles Chargers,LB,LAC,12
QBKyle AllenDET,Kyle Allen,QB,"$1,130,000 ",Detroit Lions,QB,DET,8
DBKyle DuggerNE,Kyle Dugger,SS,"$15,264,706 ",New England Patriots,DB,NE,14
DBKyle HamiltonBAL,Kyle Hamilton,S,"$5,172,073 ",Baltimore Ravens,DB,BAL,7
RBKyle JuszczykSF,Kyle Juszczyk,FB,"$2,516,000 ",San Francisco 49ers,RB,SF,14
DLKyle KennardLAC,Kyle Kennard,DE,"$1,072,641 ",Los Angeles Chargers,DL,LAC,12
QBKyle McCordPHI,Kyle McCord,QB,"$905,308 ",Philadelphia Eagles,QB,PHI,9
RBKyle MonangaiCHI,Kyle Monangai,RB,"$872,035 ",Chicago Bears,RB,CHI,5
TEKyle PittsATL,Kyle Pitts,TE,"$10,878,000 ",Atlanta Falcons,TE,ATL,5
QBKyle TraskTB,Kyle Trask,QB,"$1,337,500 ",Tampa Bay Buccaneers,QB,TB,9
LBKyle Van NoyBAL,Kyle Van Noy,OLB,"$6,125,000 ",Baltimore Ravens,LB,BAL,7
WRKyle WilliamsNE,Kyle Williams,WR,"$1,218,831 ",New England Patriots,WR,NE,14
TEKylen GransonPHI,Kylen Granson,TE,"$1,350,000 ",Philadelphia Eagles,TE,PHI,9
DBKyler GordonCHI,Kyler Gordon,CB,"$4,629,714 ",Chicago Bears,DB,CHI,5
DBKyler McMichaelPIT,Kyler McMichael,CB,"$840,000 ",Pittsburgh Steelers,DB,PIT,5
QBKyler MurrayARI,Kyler Murray,QB,"$43,325,677 ",Arizona Cardinals,QB,ARI,8
DLKyon BarrsARI,Kyon Barrs,DT,"$840,000 ",Arizona Cardinals,DL,ARI,8
DLKyon ByarsARI,Kyon Byars,DT,"$840,000 ",Arizona Cardinals,DL,ARI,8
RBKyren WilliamsLAR,Kyren Williams,RB,"$5,423,601 ",Los Angeles Rams,RB,LAR,8
WRKyrese RowanDEN,Kyrese Rowan,WR,"$840,000 ",Denver Broncos,WR,DEN,12
DBKyu Blu KellyLV,Kyu Blu Kelly,CB,"$1,030,000 ",Las Vegas Raiders,DB,LV,8
DLL.J. CollierARI,L.J. Collier,DE,"$3,000,000 ",Arizona Cardinals,DL,ARI,8
DBL'Jarius SneedTEN,L'Jarius Sneed,CB,"$22,577,647 ",Tennessee Titans,DB,TEN,10
DLLaBryan RayCAR,LaBryan Ray,DE,"$1,030,000 ",Carolina Panthers,DL,CAR,14
DLLaCale LondonATL,LaCale London,DT,"$960,000 ",Atlanta Falcons,DL,ATL,5
DBLadarius TennisonIND,Ladarius Tennison,S,"$843,333 ",Indianapolis Colts,DB,IND,11
WRLadd McConkeyLAC,Ladd McConkey,WR,"$2,271,633 ",Los Angeles Chargers,WR,LAC,12
DLLaiatu LatuIND,Laiatu Latu,DE,"$3,870,885 ",Indianapolis Colts,DL,IND,11
WRLaJohntay WesterBAL,LaJohntay Wester,WR,"$893,717 ",Baltimore Ravens,WR,BAL,7
DBLamar JacksonATL,Lamar Jackson,CB,"$1,030,000 ",Atlanta Falcons,DB,ATL,5
QBLamar JacksonBAL,Lamar Jackson,QB,"$43,500,000 ",Baltimore Ravens,QB,BAL,7
DBLamareon JamesCLE,Lamareon James,CB,"$846,666 ",Cleveland Browns,DB,CLE,9
RBLan LarisonNE,Lan Larison,RB,"$848,333 ",New England Patriots,RB,NE,14
LBLance DixonPHI,Lance Dixon,LB,"$845,833 ",Philadelphia Eagles,LB,PHI,9
WRLance McCutcheonPIT,Lance McCutcheon,WR,"$960,000 ",Pittsburgh Steelers,WR,PIT,5
DBLance RobinsonCIN,Lance Robinson,CB,"$842,333 ",Cincinnati Bengals,DB,CIN,10
DLLandon JacksonBUF,Landon Jackson,DE,"$1,203,451 ",Buffalo Bills,DL,BUF,7
WRLandon ParkerIND,Landon Parker,WR,"$841,666 ",Indianapolis Colts,WR,IND,11
WRLaquon TreadwellIND,Laquon Treadwell,WR,"$1,030,000 ",Indianapolis Colts,WR,IND,11
DLLarrell MurchisonLAR,Larrell Murchison,DT,"$1,030,000 ",Los Angeles Rams,DL,LAR,8
DLLarry OgunjobiBUF,Larry Ogunjobi,DE,"$4,106,684 ",Buffalo Bills,DL,BUF,7
DBLathan RansomCAR,Lathan Ransom,S,"$1,079,279 ",Carolina Panthers,DB,CAR,14
WRLaviska ShenaultBUF,Laviska Shenault,WR,"$1,070,000 ",Buffalo Bills,WR,BUF,7
LBLavonte DavidTB,Lavonte David,ILB,"$9,000,000 ",Tampa Bay Buccaneers,LB,TB,9
WRLawrence CagerWAS,Lawrence Cager,WR,"$1,100,000 ",Washington Commanders,WR,WAS,12
DLLeki FotuLV,Leki Fotu,DT,"$1,349,500 ",Las Vegas Raiders,DL,LV,8
KLenny KriegATL,Lenny Krieg,K,"$843,333 ",Atlanta Falcons,K,ATL,5
LBLeo ChenalKC,Leo Chenal,LB,"$3,668,256 ",Kansas City Chiefs,LB,KC,10
DLLeonard FloydATL,Leonard Floyd,DE,"$10,000,000 ",Atlanta Falcons,DL,ATL,5
DLLeonard TaylorNYJ,Leonard Taylor,DT,"$963,333 ",New York Jets,DL,NYJ,9
DLLeonard WilliamsSEA,Leonard Williams,DE,"$15,041,250 ",Seattle Seahawks,DL,SEA,8
RBLeQuint AllenJAC,LeQuint Allen,RB,"$869,689 ",Jacksonville Jaguars,RB,JAC,8
LBLevelle BaileyDEN,Levelle Bailey,ILB,"$960,000 ",Denver Broncos,LB,DEN,12
DLLevi Drake RodriguezMIN,Levi Drake Rodriguez,DT,"$986,497 ",Minnesota Vikings,DL,MIN,6
DBLewis CinePHI,Lewis Cine,S,"$1,030,000 ",Philadelphia Eagles,DB,PHI,9
LBLiam AndersonIND,Liam Anderson,OLB,"$960,000 ",Indianapolis Colts,LB,IND,11
WRLil’jordan HumphreyNYG,Lil’jordan Humphrey,WR,"$1,105,000 ",New York Giants,WR,NYG,14
PLogan CookeJAC,Logan Cooke,P,"$2,850,000 ",Jacksonville Jaguars,P,JAC,8
DLLogan HallTB,Logan Hall,DE,"$2,964,327 ",Tampa Bay Buccaneers,DL,TB,9
DLLogan LeePIT,Logan Lee,DT,"$895,018 ",Pittsburgh Steelers,DL,PIT,5
LBLogan WilsonCIN,Logan Wilson,LB,"$8,759,176 ",Cincinnati Bengals,LB,CIN,10
DBLonnie JohnsonLV,Lonnie Johnson,S,"$1,645,000 ",Las Vegas Raiders,DB,LV,8
DBLoren StricklandDET,Loren Strickland,S,"$960,000 ",Detroit Lions,DB,DET,8
TELucas KrullDEN,Lucas Krull,TE,"$1,030,000 ",Denver Broncos,TE,DEN,12
LBLukas Van NessGB,Lukas Van Ness,OLB,"$4,742,207 ",Green Bay Packers,LB,GB,5
TELuke FarrellSF,Luke Farrell,TE,"$2,544,000 ",San Francisco 49ers,TE,SF,14
WRLuke FlorieaCLE,Luke Floriea,WR,"$840,000 ",Cleveland Browns,WR,CLE,9
LBLuke GiffordSF,Luke Gifford,ILB,"$1,788,235 ",San Francisco 49ers,LB,SF,14
WRLuke GrimmLAC,Luke Grimm,WR,"$841,666 ",Los Angeles Chargers,WR,LAC,12
TELuke LacheyHOU,Luke Lachey,TE,"$865,418 ",Houston Texans,TE,HOU,6
WRLuke McCaffreyWAS,Luke McCaffrey,WR,"$1,271,889 ",Washington Commanders,WR,WAS,12
TELuke MusgraveGB,Luke Musgrave,TE,"$2,311,563 ",Green Bay Packers,TE,GB,5
TELuke SchoonmakerDAL,Luke Schoonmaker,TE,"$1,709,097 ",Dallas Cowboys,TE,DAL,10
DBLuq BarcooDET,Luq Barcoo,CB,"$1,030,000 ",Detroit Lions,DB,DET,8
WRLuther Burden IIICHI,Luther Burden III,WR,"$1,993,460 ",Chicago Bears,WR,CHI,5
DBM.J. StewartHOU,M.J. Stewart,S,"$2,441,165 ",Houston Texans,DB,HOU,6
DLMaason SmithJAC,Maason Smith,DT,"$1,822,409 ",Jacksonville Jaguars,DL,JAC,8
WRMac DalenaKC,Mac Dalena,WR,"$843,333 ",Kansas City Chiefs,WR,KC,10
QBMac JonesSF,Mac Jones,QB,"$2,558,000 ",San Francisco 49ers,QB,SF,14
DBMac McWilliamsPHI,Mac McWilliams,CB,"$951,030 ",Philadelphia Eagles,DB,PHI,9
WRMack HollinsNE,Mack Hollins,WR,"$4,050,000 ",New England Patriots,WR,NE,14
LBMack WilsonARI,Mack Wilson,LB,"$4,956,667 ",Arizona Cardinals,LB,ARI,8
KMaddux TrujilloIND,Maddux Trujillo,K,"$845,833 ",Indianapolis Colts,K,IND,11
LBMaema NjongmetaCIN,Maema Njongmeta,LB,"$965,000 ",Cincinnati Bengals,LB,CIN,10
DBMajor BurnsCHI,Major Burns,S,"$843,333 ",Chicago Bears,DB,CHI,5
DBMakari PaigeNYG,Makari Paige,CB,"$845,000 ",New York Giants,DB,NYG,14
WRMalachi CorleyNYJ,Malachi Corley,WR,"$1,380,331 ",New York Jets,WR,NYJ,9
DBMalachi MooreNYJ,Malachi Moore,S,"$1,064,535 ",New York Jets,DB,NYJ,9
DBMalaki StarksBAL,Malaki Starks,S,"$3,014,483 ",Baltimore Ravens,DB,BAL,7
DLMalcolm KoonceLV,Malcolm Koonce,DE,"$10,020,000 ",Las Vegas Raiders,DL,LV,8
DLMalcolm RoachDEN,Malcolm Roach,DE,"$4,250,000 ",Denver Broncos,DL,DEN,12
LBMalcolm RodríguezDET,Malcolm Rodríguez,LB,"$1,146,980 ",Detroit Lions,LB,DET,8
DLMaliek CollinsCLE,Maliek Collins,DT,"$4,204,000 ",Cleveland Browns,DL,CLE,9
QBMalik CunninghamBAL,Malik Cunningham,QB,"$960,000 ",Baltimore Ravens,QB,BAL,7
DBMalik Dixon-WilliamsLAR,Malik Dixon-Williams,S,"$843,333 ",Los Angeles Rams,DB,LAR,8
LBMalik HammBAL,Malik Hamm,OLB,"$840,668 ",Baltimore Ravens,LB,BAL,7
LBMalik HarrisonPIT,Malik Harrison,ILB,"$3,210,000 ",Pittsburgh Steelers,LB,PIT,5
WRMalik HeathGB,Malik Heath,WR,"$1,033,000 ",Green Bay Packers,WR,GB,5
DLMalik HerringKC,Malik Herring,DE,"$1,641,176 ",Kansas City Chiefs,DL,KC,10
DBMalik HookerDAL,Malik Hooker,FS,"$7,750,000 ",Dallas Cowboys,DB,DAL,10
DBMalik MustaphaSF,Malik Mustapha,S,"$1,144,734 ",San Francisco 49ers,DB,SF,14
WRMalik NabersNYG,Malik Nabers,WR,"$6,638,125 ",New York Giants,WR,NYG,14
WRMalik TaylorDET,Malik Taylor,WR,"$1,100,000 ",Detroit Lions,WR,DET,8
LBMalik VerdonATL,Malik Verdon,LB,"$843,333 ",Atlanta Falcons,LB,ATL,5
WRMalik WashingtonMIA,Malik Washington,WR,"$1,009,890 ",Miami Dolphins,WR,MIA,12
QBMalik WillisGB,Malik Willis,QB,"$1,408,650 ",Green Bay Packers,QB,GB,5
DLMapalo MwansaCAR,Mapalo Mwansa,DE,"$841,666 ",Carolina Panthers,DL,CAR,14
LBMarcelino McCrary-BallNYJ,Marcelino McCrary-Ball,OLB,"$1,030,000 ",New York Jets,LB,NYJ,9
DBMarco WilsonCIN,Marco Wilson,CB,"$1,514,117 ",Cincinnati Bengals,DB,CIN,10
DLMarcus DavenportDET,Marcus Davenport,DE,"$4,047,500 ",Detroit Lions,DL,DET,8
DBMarcus EppsNE,Marcus Epps,S,"$1,465,000 ",New England Patriots,DB,NE,14
DBMarcus HarrisTEN,Marcus Harris,CB,"$903,254 ",Tennessee Titans,DB,TEN,10
DBMarcus JonesNE,Marcus Jones,CB,"$1,647,212 ",New England Patriots,DB,NE,14
RBMarcus MajorBAL,Marcus Major,RB,"$840,000 ",Baltimore Ravens,RB,BAL,7
QBMarcus MariotaWAS,Marcus Mariota,QB,"$8,280,000 ",Washington Commanders,QB,WAS,12
RBMarcus YarnsNO,Marcus Yarns,RB,"$846,666 ",New Orleans Saints,RB,NO,11
DLMario EdwardsHOU,Mario Edwards,DT,"$3,882,353 ",Houston Texans,DL,HOU,6
DBMario GoodrichNYJ,Mario Goodrich,CB,"$1,030,000 ",New York Jets,DB,NYJ,9
WRMario WilliamsLAR,Mario Williams,WR,"$842,666 ",Los Angeles Rams,WR,LAR,8
LBMarist LiufauDAL,Marist Liufau,LB,"$1,293,526 ",Dallas Cowboys,LB,DAL,10
TEMark AndrewsBAL,Mark Andrews,TE,"$16,907,611 ",Baltimore Ravens,TE,BAL,7
TEMark RedmanLAR,Mark Redman,TE,"$846,666 ",Los Angeles Rams,TE,LAR,8
LBMark RobinsonPIT,Mark Robinson,LB,"$1,128,089 ",Pittsburgh Steelers,LB,PIT,5
LBMarkees WattsTB,Markees Watts,OLB,"$1,030,334 ",Tampa Bay Buccaneers,LB,TB,9
DBMarkquese BellDAL,Markquese Bell,S,"$2,298,032 ",Dallas Cowboys,DB,DAL,10
DBMarlon HumphreyBAL,Marlon Humphrey,CB,"$11,981,800 ",Baltimore Ravens,DB,BAL,7
DLMarlon TuipulotuKC,Marlon Tuipulotu,DT,"$1,197,500 ",Kansas City Chiefs,DL,KC,10
LBMarlowe WaxLAC,Marlowe Wax,LB,"$841,000 ",Los Angeles Chargers,LB,LAC,12
DBMarques SigleSF,Marques Sigle,S,"$940,594 ",San Francisco 49ers,DB,SF,14
WRMarquez Valdes-ScantlingSEA,Marquez Valdes-Scantling,WR,"$3,955,000 ",Seattle Seahawks,WR,SEA,8
DBMarquise RobinsonBAL,Marquise Robinson,CB,"$841,666 ",Baltimore Ravens,DB,BAL,7
TEMarshall LangSEA,Marshall Lang,TE,"$841,666 ",Seattle Seahawks,TE,SEA,8
DLMarshawn KneelandDAL,Marshawn Kneeland,DE,"$1,552,874 ",Dallas Cowboys,DL,DAL,10
RBMarshawn LloydGB,Marshawn Lloyd,RB,"$1,292,845 ",Green Bay Packers,RB,GB,5
DBMarshon LattimoreWAS,Marshon Lattimore,CB,"$18,000,000 ",Washington Commanders,DB,WAS,12
DBMarte MapuNE,Marte Mapu,S,"$1,517,374 ",New England Patriots,DB,NE,14
WRMarvin Harrison Jr.ARI,Marvin Harrison Jr.,WR,"$8,039,714 ",Arizona Cardinals,WR,ARI,8
WRMarvin Mims Jr.DEN,Marvin Mims Jr.,WR,"$1,655,082 ",Denver Broncos,WR,DEN,12
DLMason GrahamCLE,Mason Graham,DT,"$7,431,671 ",Cleveland Browns,DL,CLE,9
WRMason KinseyTEN,Mason Kinsey,WR,"$1,030,000 ",Tennessee Titans,WR,TEN,10
TEMason PlineNO,Mason Pline,TE,"$840,000 ",New Orleans Saints,TE,NO,11
QBMason RudolphPIT,Mason Rudolph,QB,"$3,000,000 ",Pittsburgh Steelers,QB,PIT,5
TEMason TaylorNYJ,Mason Taylor,TE,"$1,902,943 ",New York Jets,TE,NYJ,9
WRMason TiptonNO,Mason Tipton,WR,"$963,333 ",New Orleans Saints,WR,NO,11
PMatt AraizaKC,Matt Araiza,P,"$960,000 ",Kansas City Chiefs,P,KC,10
DLMatt DickersonMIA,Matt Dickerson,DT,"$1,030,000 ",Miami Dolphins,DL,MIA,12
KMatt GayWAS,Matt Gay,K,"$4,305,000 ",Washington Commanders,K,WAS,12
DLMatt HenningsenDEN,Matt Henningsen,DE,"$1,100,000 ",Denver Broncos,DL,DEN,12
LBMatt JonesLV,Matt Jones,LB,"$843,333 ",Las Vegas Raiders,LB,LV,8
WRMatt LandersTEN,Matt Landers,WR,"$840,000 ",Tennessee Titans,WR,TEN,10
LBMatt MilanoBUF,Matt Milano,OLB,"$12,188,500 ",Buffalo Bills,LB,BUF,7
TEMatt SokolBUF,Matt Sokol,TE,"$1,030,000 ",Buffalo Bills,TE,BUF,7
DLMatthew ButlerMIA,Matthew Butler,DT,"$1,030,000 ",Miami Dolphins,DL,MIA,12
WRMatthew GoldenGB,Matthew Golden,WR,"$3,195,516 ",Green Bay Packers,WR,GB,5
QBMatthew StaffordLAR,Matthew Stafford,QB,"$47,466,666 ",Los Angeles Rams,QB,LAR,8
KMatthew WrightCAR,Matthew Wright,K,"$1,030,000 ",Carolina Panthers,K,CAR,14
WRMaurice AlexanderCHI,Maurice Alexander,WR,"$1,030,000 ",Chicago Bears,WR,CHI,5
QBMax BrosmerMIN,Max Brosmer,QB,"$843,333 ",Minnesota Vikings,QB,MIN,6
DBMax HurlemanPIT,Max Hurleman,S,"$840,666 ",Pittsburgh Steelers,DB,PIT,5
DBMax MeltonARI,Max Melton,CB,"$2,020,070 ",Arizona Cardinals,DB,ARI,8
DBMaxen HookPHI,Maxen Hook,S,"$850,000 ",Philadelphia Eagles,DB,PHI,9
DBMaxwell HairstonBUF,Maxwell Hairston,CB,"$2,774,178 ",Buffalo Bills,DB,BUF,7
DLMaxx CrosbyLV,Maxx Crosby,DE,"$38,153,250 ",Las Vegas Raiders,DL,LV,8
DLMazi SmithDAL,Mazi Smith,DT,"$3,620,372 ",Dallas Cowboys,DL,DAL,10
DLMcKinnley JacksonCIN,McKinnley Jackson,DT,"$1,271,889 ",Cincinnati Bengals,DL,CIN,10
DLMcTelvin AgimCIN,McTelvin Agim,DT,"$1,030,000 ",Cincinnati Bengals,DL,CIN,10
WRMecole HardmanGB,Mecole Hardman,WR,"$1,461,765 ",Green Bay Packers,WR,GB,5
DBMekhi BlackmonMIN,Mekhi Blackmon,CB,"$1,446,568 ",Minnesota Vikings,DB,MIN,6
DLMekhi WingoDET,Mekhi Wingo,DT,"$1,006,700 ",Detroit Lions,DL,DET,8
DBMello DotsonCAR,Mello Dotson,CB,"$840,000 ",Carolina Panthers,DB,CAR,14
DBMelvin Smith Jr.KC,Melvin Smith Jr.,CB,"$845,000 ",Kansas City Chiefs,DB,KC,10
TEMessiah SwinsonGB,Messiah Swinson,TE,"$960,000 ",Green Bay Packers,TE,GB,5
LBMicah McFaddenNYG,Micah McFadden,LB,"$3,494,927 ",New York Giants,LB,NYG,14
DLMicah ParsonsGB,Micah Parsons,DE,"$24,007,000 ",Green Bay Packers,DL,GB,5
DBMicah RobinsonGB,Micah Robinson,S,"$868,460 ",Green Bay Packers,DB,GB,5
WRMichael BandyDEN,Michael Bandy,WR,"$960,000 ",Denver Broncos,WR,DEN,12
LBMichael BarrettLV,Michael Barrett,ILB,"$840,000 ",Las Vegas Raiders,LB,LV,8
RBMichael BurtonDEN,Michael Burton,FB,"$1,197,500 ",Denver Broncos,RB,DEN,12
DBMichael Carter IINYJ,Michael Carter II,CB,"$4,120,000 ",New York Jets,DB,NYJ,9
RBMichael CarterARI,Michael Carter,RB,"$1,270,000 ",Arizona Cardinals,RB,ARI,8
DLMichael DannaKC,Michael Danna,DE,"$8,046,666 ",Kansas City Chiefs,DL,KC,10
PMichael DicksonSEA,Michael Dickson,P,"$4,800,000 ",Seattle Seahawks,P,SEA,8
DBMichael DowellSEA,Michael Dowell,S,"$840,000 ",Seattle Seahawks,DB,SEA,8
DLMichael FletcherNYJ,Michael Fletcher,DE,"$840,000 ",New York Jets,DL,NYJ,9
DBMichael FordATL,Michael Ford,CB,"$1,845,000 ",Atlanta Falcons,DB,ATL,5
WRMichael GallupWAS,Michael Gallup,WR,"$1,110,000 ",Washington Commanders,WR,WAS,12
DLMichael HallCLE,Michael Hall,DT,"$1,606,779 ",Cleveland Browns,DL,CLE,9
LBMichael HoechtBUF,Michael Hoecht,OLB,"$4,488,000 ",Buffalo Bills,LB,BUF,7
DBMichael JacksonCAR,Michael Jackson,CB,"$3,700,000 ",Carolina Panthers,DB,CAR,14
TEMichael JacobsonNO,Michael Jacobson,TE,"$840,000 ",New Orleans Saints,TE,NO,11
TEMichael MayerLV,Michael Mayer,TE,"$2,540,085 ",Las Vegas Raiders,TE,LV,8
QBMichael Penix Jr.ATL,Michael Penix Jr.,QB,"$5,200,599 ",Atlanta Falcons,QB,ATL,5
WRMichael Pittman Jr.IND,Michael Pittman Jr.,WR,"$23,000,000 ",Indianapolis Colts,WR,IND,11
QBMichael PrattTB,Michael Pratt,QB,"$1,085,000 ",Tampa Bay Buccaneers,QB,TB,9
DBMichael ReidCAR,Michael Reid,CB,"$843,333 ",Carolina Panthers,DB,CAR,14
WRMichael WilsonARI,Michael Wilson,WR,"$1,456,217 ",Arizona Cardinals,WR,ARI,8
DLMicheal ClemonsNYJ,Micheal Clemons,DE,"$3,597,024 ",New York Jets,DL,NYJ,9
DBMike BrownTEN,Mike Brown,S,"$1,100,000 ",Tennessee Titans,DB,TEN,10
DBMike EdwardsKC,Mike Edwards,S,"$1,197,500 ",Kansas City Chiefs,DB,KC,10
WRMike EvansTB,Mike Evans,WR,"$25,358,000 ",Tampa Bay Buccaneers,WR,TB,9
TEMike GesickiCIN,Mike Gesicki,TE,"$7,666,666 ",Cincinnati Bengals,TE,CIN,10
DLMike GreenBAL,Mike Green,DE,"$1,348,983 ",Baltimore Ravens,DL,BAL,7
DLMike GreeneTB,Mike Greene,DE,"$1,030,000 ",Tampa Bay Buccaneers,DL,TB,9
DBMike HiltonMIA,Mike Hilton,CB,"$1,197,500 ",Miami Dolphins,DB,MIA,12
DBMike HughesATL,Mike Hughes,CB,"$3,586,667 ",Atlanta Falcons,DB,ATL,5
DLMike MorrisSEA,Mike Morris,DE,"$1,110,519 ",Seattle Seahawks,DL,SEA,8
DLMike PennelKC,Mike Pennel,DT,"$1,197,500 ",Kansas City Chiefs,DL,KC,10
DBMike SainristilWAS,Mike Sainristil,CB,"$1,750,531 ",Washington Commanders,DB,WAS,12
DBMike Smith Jr.DAL,Mike Smith Jr.,CB,"$845,000 ",Dallas Cowboys,DB,DAL,10
WRMike StrachanWAS,Mike Strachan,WR,"$1,100,000 ",Washington Commanders,WR,WAS,12
QBMike WhiteBUF,Mike White,QB,"$1,195,000 ",Buffalo Bills,QB,BUF,7
DBMiles BattleNE,Miles Battle,CB,"$840,000 ",New England Patriots,DB,NE,14
WRMiles BoykinCHI,Miles Boykin,WR,"$1,030,000 ",Chicago Bears,WR,CHI,5
DBMiles KillebrewPIT,Miles Killebrew,S,"$4,245,000 ",Pittsburgh Steelers,DB,PIT,5
RBMiles SandersDAL,Miles Sanders,RB,"$1,197,500 ",Dallas Cowboys,RB,DAL,10
DLMilton WilliamsNE,Milton Williams,DE,"$14,000,000 ",New England Patriots,DL,NE,14
DBMinkah FitzpatrickMIA,Minkah Fitzpatrick,SS,"$4,504,000 ",Miami Dolphins,DB,MIA,12
DBMishael PowellMIN,Mishael Powell,S,"$841,666 ",Minnesota Vikings,DB,MIN,6
DLMitchell AgudeDET,Mitchell Agude,DE,"$960,000 ",Detroit Lions,DL,DET,8
TEMitchell EvansCAR,Mitchell Evans,TE,"$937,742 ",Carolina Panthers,TE,CAR,14
WRMitchell TinsleyCIN,Mitchell Tinsley,WR,"$960,000 ",Cincinnati Bengals,WR,CIN,10
QBMitchell TrubiskyBUF,Mitchell Trubisky,QB,"$3,250,000 ",Buffalo Bills,QB,BUF,7
TEMo Alie-CoxIND,Mo Alie-Cox,TE,"$1,422,500 ",Indianapolis Colts,TE,IND,11
DLMohamed KamaraMIA,Mohamed Kamara,DE,"$1,040,218 ",Miami Dolphins,DL,MIA,12
LBMohamoud DiabateCLE,Mohamoud Diabate,LB,"$1,038,334 ",Cleveland Browns,LB,CLE,9
TEMoliki MatavaoNO,Moliki Matavao,TE,"$865,418 ",New Orleans Saints,TE,NO,11
WRMonaray BaldwinMIA,Monaray Baldwin,WR,"$841,666 ",Miami Dolphins,WR,MIA,12
DBMontaric BrownJAC,Montaric Brown,CB,"$3,434,995 ",Jacksonville Jaguars,DB,JAC,8
DLMontez SweatCHI,Montez Sweat,DE,"$25,085,494 ",Chicago Bears,DL,CHI,5
WRMontorie FosterSEA,Montorie Foster,WR,"$840,000 ",Seattle Seahawks,WR,SEA,8
RBMontrell JohnsonPHI,Montrell Johnson,RB,"$848,333 ",Philadelphia Eagles,RB,PHI,9
WRMontrell WashingtonNYG,Montrell Washington,WR,"$1,030,000 ",New York Giants,WR,NYG,14
LBMonty RiceNE,Monty Rice,OLB,"$1,170,000 ",New England Patriots,LB,NE,14
WRMoochie DixonNO,Moochie Dixon,WR,"$843,333 ",New Orleans Saints,WR,NO,11
DLMorgan FoxATL,Morgan Fox,DE,"$2,500,000 ",Atlanta Falcons,DL,ATL,5
DBMorice NorrisDET,Morice Norris,S,"$840,000 ",Detroit Lions,DB,DET,8
DLMoro OjomoPHI,Moro Ojomo,DT,"$1,049,446 ",Philadelphia Eagles,DL,PHI,9
LBMykal WalkerARI,Mykal Walker,OLB,"$1,790,000 ",Arizona Cardinals,LB,ARI,8
DLMykel WilliamsSF,Mykel Williams,DE,"$4,535,155 ",San Francisco 49ers,DL,SF,14
DLMyles AdamsDET,Myles Adams,DE,"$1,100,000 ",Detroit Lions,DL,DET,8
DBMyles BryantHOU,Myles Bryant,CB,"$1,197,500 ",Houston Texans,DB,HOU,6
DLMyles ColeJAC,Myles Cole,DE,"$986,019 ",Jacksonville Jaguars,DL,JAC,8
DLMyles GarrettCLE,Myles Garrett,DE,"$22,922,120 ",Cleveland Browns,DL,CLE,9
DBMyles HardenCLE,Myles Harden,CB,"$987,583 ",Cleveland Browns,DB,CLE,9
DLMyles MurphyCIN,Myles Murphy,DE,"$3,432,890 ",Cincinnati Bengals,DL,CIN,10
DBMyles PurchaseLAC,Myles Purchase,CB,"$843,333 ",Los Angeles Chargers,DB,LAC,12
DBNahshon WrightCHI,Nahshon Wright,CB,"$1,100,000 ",Chicago Bears,DB,CHI,5
RBNajee HarrisLAC,Najee Harris,RB,"$5,250,000 ",Los Angeles Chargers,RB,LAC,12
LBNakobe DeanPHI,Nakobe Dean,ILB,"$1,656,022 ",Philadelphia Eagles,LB,PHI,9
DLNaquan JonesLAC,Naquan Jones,DT,"$1,810,000 ",Los Angeles Chargers,DL,LAC,12
DLNash HutmacherTB,Nash Hutmacher,DT,"$840,524 ",Tampa Bay Buccaneers,DL,TB,9
TENate AdkinsDEN,Nate Adkins,TE,"$1,033,334 ",Denver Broncos,TE,DEN,12
DBNate BrooksCIN,Nate Brooks,CB,"$960,000 ",Cincinnati Bengals,DB,CIN,10
RBNate CarterATL,Nate Carter,RB,"$845,000 ",Atlanta Falcons,RB,ATL,5
DBNate HobbsGB,Nate Hobbs,CB,"$5,988,235 ",Green Bay Packers,DB,GB,5
DLNate LynnDET,Nate Lynn,DE,"$845,000 ",Detroit Lions,DL,DET,8
DBNate ValcarcelLAR,Nate Valcarcel,S,"$845,000 ",Los Angeles Rams,DB,LAR,8
DBNate WigginsBAL,Nate Wiggins,CB,"$2,913,596 ",Baltimore Ravens,DB,BAL,7
LBNathan LandmanLAR,Nathan Landman,ILB,"$1,100,000 ",Los Angeles Rams,LB,LAR,8
DLNathan ShepherdNO,Nathan Shepherd,DE,"$3,609,000 ",New Orleans Saints,DL,NO,11
LBNathaniel WatsonCLE,Nathaniel Watson,OLB,"$960,000 ",Cleveland Browns,LB,CLE,9
DBNatrone BrooksATL,Natrone Brooks,CB,"$960,000 ",Atlanta Falcons,DB,ATL,5
DBNazeeh JohnsonKC,Nazeeh Johnson,CB,"$1,888,235 ",Kansas City Chiefs,DB,KC,10
DLNazir StackhouseGB,Nazir Stackhouse,DT,"$845,000 ",Green Bay Packers,DL,GB,5
TENeal JohnsonNYJ,Neal Johnson,TE,"$840,000 ",New York Jets,TE,NYJ,9
DBNehemiah PritchettSEA,Nehemiah Pritchett,CB,"$1,054,768 ",Seattle Seahawks,DB,SEA,8
LBNephi SewellNO,Nephi Sewell,OLB,"$1,100,000 ",New Orleans Saints,LB,NO,11
DLNesta Jade SilveraLAC,Nesta Jade Silvera,DT,"$1,030,000 ",Los Angeles Chargers,DL,LAC,12
DLNeville GallimoreIND,Neville Gallimore,DE,"$1,197,500 ",Indianapolis Colts,DL,IND,11
DBNic JonesNYG,Nic Jones,CB,"$960,000 ",New York Giants,DB,NYG,14
DLNic ScourtonCAR,Nic Scourton,DE,"$1,566,225 ",Carolina Panthers,DL,CAR,14
RBNick BelloreWAS,Nick Bellore,FB,"$1,952,500 ",Washington Commanders,RB,WAS,12
LBNick BoltonKC,Nick Bolton,ILB,"$6,500,000 ",Kansas City Chiefs,LB,KC,10
DLNick BosaSF,Nick Bosa,DE,"$20,430,870 ",San Francisco 49ers,DL,SF,14
RBNick ChubbHOU,Nick Chubb,RB,"$2,275,000 ",Houston Texans,RB,HOU,6
DBNick CrossIND,Nick Cross,S,"$3,622,025 ",Indianapolis Colts,DB,IND,11
DBNick EmmanworiSEA,Nick Emmanwori,S,"$2,109,320 ",Seattle Seahawks,DB,SEA,8
KNick FolkNYJ,Nick Folk,K,"$2,698,529 ",New York Jets,K,NYJ,9
LBNick HamptonLAR,Nick Hampton,OLB,"$1,104,776 ",Los Angeles Rams,LB,LAR,8
LBNick HerbigPIT,Nick Herbig,LB,"$1,198,230 ",Pittsburgh Steelers,LB,PIT,5
LBNick JacksonTB,Nick Jackson,LB,"$840,000 ",Tampa Bay Buccaneers,LB,TB,9
TENick KallerupSEA,Nick Kallerup,TE,"$848,333 ",Seattle Seahawks,TE,SEA,8
LBNick KubitzATL,Nick Kubitz,ILB,"$845,000 ",Atlanta Falcons,LB,ATL,5
LBNick MartinSF,Nick Martin,LB,"$1,193,030 ",San Francisco 49ers,LB,SF,14
DBNick McCloudCHI,Nick McCloud,CB,"$1,320,000 ",Chicago Bears,DB,CHI,5
QBNick MullensJAC,Nick Mullens,QB,"$2,000,000 ",Jacksonville Jaguars,QB,JAC,8
TENick MusePHI,Nick Muse,TE,"$1,150,000 ",Philadelphia Eagles,TE,PHI,9
WRNick NashATL,Nick Nash,WR,"$846,666 ",Atlanta Falcons,WR,ATL,5
LBNick NiemannHOU,Nick Niemann,ILB,"$2,441,176 ",Houston Texans,LB,HOU,6
DBNick ScottCAR,Nick Scott,S,"$1,197,500 ",Carolina Panthers,DB,CAR,14
WRNick Westbrook-IkhineMIA,Nick Westbrook-Ikhine,WR,"$1,600,000 ",Miami Dolphins,WR,MIA,12
WRNico CollinsHOU,Nico Collins,WR,"$8,577,180 ",Houston Texans,WR,HOU,6
LBNik BonittoDEN,Nik Bonitto,LB,"$5,695,889 ",Denver Broncos,LB,DEN,12
DBNik NeedhamCLE,Nik Needham,CB,"$1,030,000 ",Cleveland Browns,DB,CLE,9
DBNikko ReedLAC,Nikko Reed,CB,"$845,000 ",Los Angeles Chargers,DB,LAC,12
WRNikko RemigioKC,Nikko Remigio,WR,"$960,000 ",Kansas City Chiefs,WR,KC,10
TENikola KalinicATL,Nikola Kalinic,TE,"$965,000 ",Atlanta Falcons,TE,ATL,5
DLNnamdi MadubuikeBAL,Nnamdi Madubuike,DT,"$16,475,000 ",Baltimore Ravens,DL,BAL,7
WRNoah BrownWAS,Noah Brown,WR,"$3,010,000 ",Washington Commanders,WR,WAS,12
TENoah GrayKC,Noah Gray,TE,"$4,911,000 ",Kansas City Chiefs,TE,KC,10
DBNoah IgbinogheneWAS,Noah Igbinoghene,CB,"$1,500,000 ",Washington Commanders,DB,WAS,12
LBNoah SewellCHI,Noah Sewell,LB,"$1,111,237 ",Chicago Bears,LB,CHI,5
DBNohl WilliamsKC,Nohl Williams,CB,"$1,151,912 ",Kansas City Chiefs,DB,KC,10
LBNolan Smith Jr.PHI,Nolan Smith Jr.,OLB,"$3,270,657 ",Philadelphia Eagles,LB,PHI,9
DLNorell PollardWAS,Norell Pollard,DT,"$841,666 ",Washington Commanders,DL,WAS,12
RBNyheim Miller-HinesLAC,Nyheim Miller-Hines,RB,"$1,030,000 ",Los Angeles Chargers,RB,LAC,12
DBO’Donnell FortuneNYG,O’Donnell Fortune,CB,"$845,000 ",New York Giants,DB,NYG,14
LBOchaun MathisPHI,Ochaun Mathis,OLB,"$1,030,000 ",Philadelphia Eagles,LB,PHI,9
LBOdafe OwehBAL,Odafe Oweh,OLB,"$13,251,000 ",Baltimore Ravens,LB,BAL,7
DLOgbonnia OkoronkwoPHI,Ogbonnia Okoronkwo,DE,"$1,405,000 ",Philadelphia Eagles,DL,PHI,9
WROlamide ZaccheausCHI,Olamide Zaccheaus,WR,"$1,500,000 ",Chicago Bears,WR,CHI,5
RBOllie Gordon IIMIA,Ollie Gordon II,RB,"$908,166 ",Miami Dolphins,RB,MIA,12
DLOluwafemi OladejoTEN,Oluwafemi Oladejo,DE,"$1,530,019 ",Tennessee Titans,DL,TEN,10
DBOmar BrownGB,Omar Brown,S,"$960,000 ",Green Bay Packers,DB,GB,5
LBOmar SpeightsLAR,Omar Speights,LB,"$963,000 ",Los Angeles Rams,LB,LAR,8
DLOmari ThomasNO,Omari Thomas,DE,"$845,000 ",New Orleans Saints,DL,NO,11
RBOmarion HamptonLAC,Omarion Hampton,RB,"$3,231,721 ",Los Angeles Chargers,RB,LAC,12
DLOmarr Norman-LottKC,Omarr Norman-Lott,DT,"$1,309,159 ",Kansas City Chiefs,DL,KC,10
LBOren BurksCIN,Oren Burks,ILB,"$2,325,000 ",Cincinnati Bengals,LB,CIN,10
TEOronde Gadsden IILAC,Oronde Gadsden II,TE,"$933,509 ",Los Angeles Chargers,TE,LAC,12
DLOsa OdighizuwaDAL,Osa Odighizuwa,DT,"$6,250,000 ",Dallas Cowboys,DL,DAL,10
TEOscar CardenasARI,Oscar Cardenas,TE,"$843,333 ",Arizona Cardinals,TE,ARI,8
POscar ChapmanMIN,Oscar Chapman,P,"$840,833 ",Minnesota Vikings,P,MIN,6
LBOtis ReeseTEN,Otis Reese,ILB,"$1,030,000 ",Tennessee Titans,LB,TEN,10
DLOtito OgbonniaLAC,Otito Ogbonnia,DT,"$1,179,720 ",Los Angeles Chargers,DL,LAC,12
LBOvie OghoufoLV,Ovie Oghoufo,OLB,"$840,000 ",Las Vegas Raiders,LB,LV,8
LBOwen PappoeARI,Owen Pappoe,ILB,"$1,091,244 ",Arizona Cardinals,LB,ARI,8
DBP.J. LockeDEN,P.J. Locke,SS,"$5,190,000 ",Denver Broncos,DB,DEN,12
DLP.J. MustipherARI,P.J. Mustipher,DT,"$960,000 ",Arizona Cardinals,DL,ARI,8
DLParis ShandBUF,Paris Shand,DE,"$848,333 ",Buffalo Bills,DL,BUF,7
WRParker WashingtonJAC,Parker Washington,WR,"$1,078,066 ",Jacksonville Jaguars,WR,JAC,8
DBParry NickersonPHI,Parry Nickerson,CB,"$1,030,000 ",Philadelphia Eagles,DB,PHI,9
WRPat BryantDEN,Pat Bryant,WR,"$1,196,560 ",Denver Broncos,WR,DEN,12
TEPat FreiermuthPIT,Pat Freiermuth,TE,"$12,885,000 ",Pittsburgh Steelers,TE,PIT,5
DLPat O'ConnorDET,Pat O'Connor,DE,"$1,130,000 ",Detroit Lions,DL,DET,8
TEPatrick HerbertJAC,Patrick Herbert,TE,"$843,333 ",Jacksonville Jaguars,TE,JAC,8
LBPatrick JohnsonPHI,Patrick Johnson,OLB,"$1,135,000 ",Philadelphia Eagles,LB,PHI,9
LBPatrick JonesCAR,Patrick Jones,OLB,"$4,885,000 ",Carolina Panthers,LB,CAR,14
QBPatrick MahomesKC,Patrick Mahomes,QB,"$28,062,269 ",Kansas City Chiefs,QB,KC,10
DBPatrick McMorrisMIA,Patrick McMorris,S,"$1,004,941 ",Miami Dolphins,DB,MIA,12
LBPatrick O'ConnellSEA,Patrick O'Connell,ILB,"$1,030,000 ",Seattle Seahawks,LB,SEA,8
LBPatrick QueenPIT,Patrick Queen,ILB,"$17,693,333 ",Pittsburgh Steelers,LB,PIT,5
RBPatrick RicardBAL,Patrick Ricard,FB,"$1,422,500 ",Baltimore Ravens,RB,BAL,7
DBPatrick Surtain IIDEN,Patrick Surtain II,CB,"$8,370,000 ",Denver Broncos,DB,DEN,12
RBPatrick TaylorSF,Patrick Taylor,RB,"$1,030,000 ",San Francisco 49ers,RB,SF,14
DBPaulson AdeboNYG,Paulson Adebo,CB,"$11,705,877 ",New York Giants,DB,NYG,14
TEPayne DurhamTB,Payne Durham,TE,"$1,091,244 ",Tampa Bay Buccaneers,TE,TB,9
DLPayton PageNYJ,Payton Page,DT,"$843,833 ",New York Jets,DL,NYJ,9
QBPayton ThorneCIN,Payton Thorne,QB,"$843,333 ",Cincinnati Bengals,QB,CIN,10
DLPayton TurnerDAL,Payton Turner,DE,"$2,470,576 ",Dallas Cowboys,DL,DAL,10
LBPayton WilsonPIT,Payton Wilson,LB,"$1,271,889 ",Pittsburgh Steelers,LB,PIT,5
DBPercy ButlerWAS,Percy Butler,S,"$2,928,254 ",Washington Commanders,DB,WAS,12
LBPete WernerNO,Pete Werner,OLB,"$2,886,000 ",New Orleans Saints,LB,NO,11
TEPharaoh BrownMIA,Pharaoh Brown,TE,"$1,120,588 ",Miami Dolphins,TE,MIA,12
DLPhidarian MathisNYJ,Phidarian Mathis,DT,"$1,728,596 ",New York Jets,DL,NYJ,9
RBPhil MafahDAL,Phil Mafah,RB,"$867,883 ",Dallas Cowboys,RB,DAL,10
DLPhilip BlidiTEN,Philip Blidi,DT,"$841,666 ",Tennessee Titans,DL,TEN,10
WRPhillip DorsettLV,Phillip Dorsett,WR,"$1,030,000 ",Las Vegas Raiders,WR,LV,8
RBPierre StrongCLE,Pierre Strong,RB,"$1,100,000 ",Cleveland Browns,RB,CLE,9
DLPoona FordLAR,Poona Ford,DT,"$5,083,333 ",Los Angeles Rams,DL,LAR,8
LBPower EcholsCHI,Power Echols,LB,"$846,666 ",Chicago Bears,LB,CHI,5
DLPrincely UmanmielenCAR,Princely Umanmielen,DE,"$1,181,917 ",Carolina Panthers,DL,CAR,14
TEPrinceton FantDAL,Princeton Fant,TE,"$960,000 ",Dallas Cowboys,TE,DAL,10
WRPuka NacuaLAR,Puka Nacua,WR,"$1,091,244 ",Los Angeles Rams,WR,LAR,8
RBQuali ConleyCIN,Quali Conley,RB,"$840,333 ",Cincinnati Bengals,RB,CIN,10
LBQuay WalkerGB,Quay Walker,ILB,"$4,404,159 ",Green Bay Packers,LB,GB,5
LBQue RobinsonDEN,Que Robinson,OLB,"$1,053,564 ",Denver Broncos,LB,DEN,12
WRQuentin JohnstonLAC,Quentin Johnston,WR,"$3,869,667 ",Los Angeles Chargers,WR,LAC,12
DBQuentin LakeLAR,Quentin Lake,S,"$3,439,004 ",Los Angeles Rams,DB,LAR,8
WRQuentin SkinnerNYJ,Quentin Skinner,WR,"$843,333 ",New York Jets,WR,NYJ,9
DBQuincy RileyNO,Quincy Riley,CB,"$1,061,809 ",New Orleans Saints,DB,NO,11
WRQuincy Skinner Jr.ATL,Quincy Skinner Jr.,WR,"$842,000 ",Atlanta Falcons,WR,ATL,5
LBQuincy WilliamsNYJ,Quincy Williams,LB,"$8,425,000 ",New York Jets,LB,NYJ,9
DBQuindell JohnsonPIT,Quindell Johnson,S,"$960,000 ",Pittsburgh Steelers,DB,PIT,5
QBQuinn EwersMIA,Quinn Ewers,QB,"$872,894 ",Miami Dolphins,QB,MIA,12
DLQuinnen WilliamsNYJ,Quinnen Williams,DT,"$21,585,294 ",New York Jets,DL,NYJ,9
WRQuintez CephusHOU,Quintez Cephus,WR,"$1,100,000 ",Houston Texans,WR,HOU,6
TEQuintin MorrisJAC,Quintin Morris,TE,"$1,150,000 ",Jacksonville Jaguars,TE,JAC,8
LBQuinton BellMIA,Quinton Bell,OLB,"$1,505,000 ",Miami Dolphins,LB,MIA,12
DLQuinton BohannaSEA,Quinton Bohanna,DT,"$1,100,000 ",Seattle Seahawks,DL,SEA,8
DBQuinton NewsomeDEN,Quinton Newsome,CB,"$840,000 ",Denver Broncos,DB,DEN,12
DBQuinyon MitchellPHI,Quinyon Mitchell,CB,"$3,367,749 ",Philadelphia Eagles,DB,PHI,9
DBQwan'tez StiggersNYJ,Qwan'tez Stiggers,CB,"$1,023,569 ",New York Jets,DB,NYJ,9
DBR.J. MickensLAC,R.J. Mickens,S,"$883,570 ",Los Angeles Chargers,DB,LAC,12
RBRachaad WhiteTB,Rachaad White,RB,"$3,633,727 ",Tampa Bay Buccaneers,RB,TB,9
RBRaheem BlackshearCAR,Raheem Blackshear,RB,"$1,100,000 ",Carolina Panthers,RB,CAR,14
DBRaheem LayneNYG,Raheem Layne,S,"$1,100,000 ",New York Giants,DB,NYG,14
RBRaheem MostertLV,Raheem Mostert,RB,"$1,560,000 ",Las Vegas Raiders,RB,LV,8
RBRaheim SandersLAC,Raheim Sanders,RB,"$841,666 ",Los Angeles Chargers,RB,LAC,12
DLRakeem Nunez-RochesNYG,Rakeem Nunez-Roches,DT,"$5,033,334 ",New York Giants,DL,NYG,14
WRRakim JarrettTB,Rakim Jarrett,WR,"$1,038,334 ",Tampa Bay Buccaneers,WR,TB,9
DLRalph HolleyCLE,Ralph Holley,DT,"$846,666 ",Cleveland Browns,DL,CLE,9
LBRashad WeaverNYJ,Rashad Weaver,OLB,"$1,030,000 ",New York Jets,LB,NYJ,9
LBRashan GaryGB,Rashan Gary,OLB,"$25,771,138 ",Green Bay Packers,LB,GB,5
WRRashee RiceKC,Rashee Rice,WR,"$1,771,421 ",Kansas City Chiefs,WR,KC,10
RBRasheen AliBAL,Rasheen Ali,RB,"$1,032,467 ",Baltimore Ravens,RB,BAL,7
WRRashid ShaheedNO,Rashid Shaheed,WR,"$4,450,000 ",New Orleans Saints,WR,NO,11
WRRashod BatemanBAL,Rashod Bateman,WR,"$4,548,333 ",Baltimore Ravens,WR,BAL,7
WRRashod OwensCIN,Rashod Owens,WR,"$845,000 ",Cincinnati Bengals,WR,CIN,10
RBRay DavisBUF,Ray Davis,RB,"$1,138,297 ",Buffalo Bills,RB,BUF,7
WRRay-Ray McCloud IIIATL,Ray-Ray McCloud III,WR,"$4,120,000 ",Atlanta Falcons,WR,ATL,5
DLRaymond Johnson IIICIN,Raymond Johnson III,DE,"$960,000 ",Cincinnati Bengals,DL,CIN,10
DBRayshawn JenkinsCLE,Rayshawn Jenkins,S,"$1,422,500 ",Cleveland Browns,DB,CLE,9
DBRayuan Lane IIIJAC,Rayuan Lane III,S,"$895,544 ",Jacksonville Jaguars,DB,JAC,8
DBReed BlankenshipPHI,Reed Blankenship,FS,"$1,845,000 ",Philadelphia Eagles,DB,PHI,9
RBReggie GilliamBUF,Reggie Gilliam,FB,"$1,337,500 ",Buffalo Bills,RB,BUF,7
DBRenardo GreenSF,Renardo Green,CB,"$1,452,244 ",San Francisco 49ers,DB,SF,14
DBReuben Lowery IIIBAL,Reuben Lowery III,CB,"$840,000 ",Baltimore Ravens,DB,BAL,7
RBRhamondre StevensonNE,Rhamondre Stevenson,RB,"$5,541,176 ",New England Patriots,RB,NE,14
DBRichie GrantSF,Richie Grant,S,"$1,500,000 ",San Francisco 49ers,DB,SF,14
DLRicky BarberWAS,Ricky Barber,DT,"$845,000 ",Washington Commanders,DL,WAS,12
WRRicky PearsallSF,Ricky Pearsall,WR,"$2,849,636 ",San Francisco 49ers,WR,SF,14
WRRicky White IIISEA,Ricky White III,WR,"$868,175 ",Seattle Seahawks,WR,SEA,8
RBRico DowdleCAR,Rico Dowdle,RB,"$2,717,647 ",Carolina Panthers,RB,CAR,14
DBRico PaytonNO,Rico Payton,CB,"$965,000 ",New Orleans Saints,DB,NO,11
PRigoberto SanchezIND,Rigoberto Sanchez,P,"$2,500,000 ",Indianapolis Colts,P,IND,11
PRiley DixonTB,Riley Dixon,P,"$3,000,000 ",Tampa Bay Buccaneers,P,TB,9
QBRiley LeonardIND,Riley Leonard,QB,"$898,811 ",Indianapolis Colts,QB,IND,11
DBRiley MossDEN,Riley Moss,CB,"$1,485,678 ",Denver Broncos,DB,DEN,12
TERivaldo FairweatherDAL,Rivaldo Fairweather,TE,"$845,000 ",Dallas Cowboys,TE,DAL,10
RBRJ HarveyDEN,RJ Harvey,RB,"$1,338,123 ",Denver Broncos,RB,DEN,12
DBRob McDanielWAS,Rob McDaniel,CB,"$850,000 ",Washington Commanders,DB,WAS,12
TERobbie OuztsSEA,Robbie Ouzts,TE,"$920,054 ",Seattle Seahawks,TE,SEA,8
LBRobert Beal Jr.SF,Robert Beal Jr.,OLB,"$1,091,244 ",San Francisco 49ers,LB,SF,14
WRRobert LewisMIN,Robert Lewis,WR,"$840,000 ",Minnesota Vikings,WR,MIN,6
DBRobert LongerbeamBAL,Robert Longerbeam,CB,"$883,570 ",Baltimore Ravens,DB,BAL,7
DBRobert RochellDAL,Robert Rochell,CB,"$1,030,000 ",Dallas Cowboys,DB,DAL,10
LBRobert SpillaneNE,Robert Spillane,OLB,"$9,000,000 ",New England Patriots,LB,NE,14
TERobert Tonyan Jr.KC,Robert Tonyan Jr.,TE,"$1,030,000 ",Kansas City Chiefs,TE,KC,10
WRRobert WoodsPIT,Robert Woods,WR,"$2,000,000 ",Pittsburgh Steelers,WR,PIT,5
WRRoc TaylorPIT,Roc Taylor,WR,"$850,000 ",Pittsburgh Steelers,WR,PIT,5
DBRock Ya-SinDET,Rock Ya-Sin,CB,"$1,030,000 ",Detroit Lions,DB,DET,8
DBRodney ThomasIND,Rodney Thomas,FS,"$1,123,846 ",Indianapolis Colts,DB,IND,11
DBRoger McCrearyTEN,Roger McCreary,CB,"$4,617,474 ",Tennessee Titans,DB,TEN,10
DBRoman ParodieTB,Roman Parodie,CB,"$841,000 ",Tampa Bay Buccaneers,DB,TB,9
WRRoman WilsonPIT,Roman Wilson,WR,"$1,305,720 ",Pittsburgh Steelers,WR,PIT,5
WRRome OdunzeCHI,Rome Odunze,WR,"$5,164,659 ",Chicago Bears,WR,CHI,5
WRRomeo DoubsGB,Romeo Doubs,WR,"$3,576,979 ",Green Bay Packers,WR,GB,5
WRRondale MooreMIN,Rondale Moore,WR,"$1,400,000 ",Minnesota Vikings,WR,MIN,6
WRRonnie BellDET,Ronnie Bell,WR,"$1,030,000 ",Detroit Lions,WR,DET,8
DBRonnie HickmanCLE,Ronnie Hickman,S,"$1,036,667 ",Cleveland Browns,DB,CLE,9
RBRonnie RiversLAR,Ronnie Rivers,RB,"$1,100,000 ",Los Angeles Rams,RB,LAR,8
LBRoquan SmithBAL,Roquan Smith,ILB,"$23,718,750 ",Baltimore Ravens,LB,BAL,7
RBRoschon JohnsonCHI,Roschon Johnson,RB,"$1,222,172 ",Chicago Bears,RB,CHI,5
TERoss DwelleySF,Ross Dwelley,TE,"$1,197,500 ",San Francisco 49ers,TE,SF,14
DLRoy LopezDET,Roy Lopez,DT,"$3,640,000 ",Detroit Lions,DL,DET,8
DLRoy Robertson-HarrisNYG,Roy Robertson-Harris,DT,"$3,500,000 ",New York Giants,DL,NYG,14
LBRuben Hyppolite IICHI,Ruben Hyppolite II,LB,"$1,059,897 ",Chicago Bears,LB,CHI,5
DLRuke OrhorhoroATL,Ruke Orhorhoro,DE,"$2,253,665 ",Atlanta Falcons,DL,ATL,5
DBRuss YeastHOU,Russ Yeast,S,"$1,100,000 ",Houston Texans,DB,HOU,6
WRRussell GageSF,Russell Gage,WR,"$1,030,000 ",San Francisco 49ers,WR,SF,14
QBRussell WilsonNYG,Russell Wilson,QB,"$11,029,412 ",New York Giants,QB,NYG,14
KRyan CoeTB,Ryan Coe,K,"$841,666 ",Tampa Bay Buccaneers,K,TB,9
DBRyan CooperNYJ,Ryan Cooper,CB,"$840,000 ",New York Jets,DB,NYJ,9
KRyan FitzgeraldCAR,Ryan Fitzgerald,K,"$845,000 ",Carolina Panthers,K,CAR,14
WRRyan FlournoyDAL,Ryan Flournoy,WR,"$994,597 ",Dallas Cowboys,WR,DAL,10
WRRyan MillerTB,Ryan Miller,WR,"$960,000 ",Tampa Bay Buccaneers,WR,TB,9
PRyan RehkowCIN,Ryan Rehkow,P,"$960,000 ",Cincinnati Bengals,P,CIN,10
PRyan StonehouseMIA,Ryan Stonehouse,P,"$1,725,000 ",Miami Dolphins,P,MIA,12
PRyan WrightMIN,Ryan Wright,P,"$1,750,000 ",Minnesota Vikings,P,MIN,6
DLRylie MillsSEA,Rylie Mills,DT,"$956,875 ",Seattle Seahawks,DL,SEA,8
DLSai'vion JonesDEN,Sai'vion Jones,DE,"$1,120,215 ",Denver Broncos,DL,DEN,12
TESal CannellaCLE,Sal Cannella,TE,"$840,000 ",Cleveland Browns,TE,CLE,9
RBSalvon AhmedIND,Salvon Ahmed,RB,"$1,030,000 ",Indianapolis Colts,RB,IND,11
QBSam DarnoldSEA,Sam Darnold,QB,"$13,400,000 ",Seattle Seahawks,QB,SEA,8
QBSam EhlingerDEN,Sam Ehlinger,QB,"$1,197,500 ",Denver Broncos,QB,DEN,12
DBSam FranklinDEN,Sam Franklin,S,"$1,337,500 ",Denver Broncos,DB,DEN,12
QBSam HartmanWAS,Sam Hartman,QB,"$960,000 ",Washington Commanders,QB,WAS,12
QBSam HowellMIN,Sam Howell,QB,"$1,100,000 ",Minnesota Vikings,QB,MIN,6
DLSam KamaraCLE,Sam Kamara,DT,"$1,100,000 ",Cleveland Browns,DL,CLE,9
TESam LaPortaDET,Sam LaPorta,TE,"$2,581,634 ",Detroit Lions,TE,DET,8
PSam MartinCAR,Sam Martin,P,"$1,600,000 ",Carolina Panthers,P,CAR,14
DLSam OkuayinonuSF,Sam Okuayinonu,DE,"$1,030,000 ",San Francisco 49ers,DL,SF,14
DLSam RobertsCAR,Sam Roberts,DT,"$1,100,000 ",Carolina Panthers,DL,CAR,14
DBSam WebbLV,Sam Webb,CB,"$1,100,000 ",Las Vegas Raiders,DB,LV,8
DLSam WilliamsDAL,Sam Williams,DE,"$1,980,444 ",Dallas Cowboys,DL,DAL,10
RBSamaje PerineCIN,Samaje Perine,RB,"$1,600,000 ",Cincinnati Bengals,RB,CIN,10
WRSamori ToureCHI,Samori Toure,WR,"$1,030,000 ",Chicago Bears,WR,CHI,5
DLSamson EbukamIND,Samson Ebukam,DE,"$10,490,000 ",Indianapolis Colts,DL,IND,11
DBSamuel WomackIND,Samuel Womack,CB,"$1,100,000 ",Indianapolis Colts,DB,IND,11
DBSanoussi KaneBAL,Sanoussi Kane,S,"$980,733 ",Baltimore Ravens,DB,BAL,7
RBSaquon BarkleyPHI,Saquon Barkley,RB,"$6,661,000 ",Philadelphia Eagles,RB,PHI,9
WRSavion WilliamsGB,Savion Williams,WR,"$1,144,082 ",Green Bay Packers,WR,GB,5
RBScott MatlockLAC,Scott Matlock,FB,"$1,073,074 ",Los Angeles Chargers,RB,LAC,12
WRScotty MillerPIT,Scotty Miller,WR,"$1,197,500 ",Pittsburgh Steelers,WR,PIT,5
QBSean CliffordGB,Sean Clifford,QB,"$960,000 ",Green Bay Packers,QB,GB,5
TESean McKeonIND,Sean McKeon,TE,"$1,030,000 ",Indianapolis Colts,TE,IND,11
RBSean TuckerTB,Sean Tucker,RB,"$1,031,666 ",Tampa Bay Buccaneers,RB,TB,9
DBSebastian CastroPIT,Sebastian Castro,S,"$848,333 ",Pittsburgh Steelers,DB,PIT,5
DLSebastian JosephTEN,Sebastian Joseph,DT,"$6,500,000 ",Tennessee Titans,DL,TEN,10
DLSebastian ValdezSF,Sebastian Valdez,DT,"$845,000 ",San Francisco 49ers,DL,SF,14
LBSegun OlubiIND,Segun Olubi,ILB,"$1,030,000 ",Indianapolis Colts,LB,IND,11
QBSeth HeniganJAC,Seth Henigan,QB,"$846,666 ",Jacksonville Jaguars,QB,JAC,8
LBShaka HeywardCIN,Shaka Heyward,OLB,"$960,000 ",Cincinnati Bengals,LB,CIN,10
QBShane BuecheleBUF,Shane Buechele,QB,"$1,030,000 ",Buffalo Bills,QB,BUF,7
TEShane ZylstraDET,Shane Zylstra,TE,"$1,100,000 ",Detroit Lions,TE,DET,8
LBShaq ThompsonBUF,Shaq Thompson,ILB,"$1,030,000 ",Buffalo Bills,LB,BUF,7
DBShaquan LoyalCIN,Shaquan Loyal,S,"$850,000 ",Cincinnati Bengals,DB,CIN,10
DBShaquill GriffinSEA,Shaquill Griffin,CB,"$3,000,000 ",Seattle Seahawks,DB,SEA,8
LBShaun DolacLAR,Shaun Dolac,LB,"$848,333 ",Los Angeles Rams,LB,LAR,8
DBShaun JollyLAR,Shaun Jolly,CB,"$1,030,000 ",Los Angeles Rams,DB,LAR,8
DBShaun WadeCHI,Shaun Wade,CB,"$1,100,000 ",Chicago Bears,DB,CHI,5
DBShavon Revel Jr.DAL,Shavon Revel Jr.,CB,"$1,183,044 ",Dallas Cowboys,DB,DAL,10
TEShawn BowmanJAC,Shawn Bowman,TE,"$840,000 ",Jacksonville Jaguars,TE,JAC,8
QBShedeur SandersCLE,Shedeur Sanders,QB,"$951,845 ",Cleveland Browns,QB,CLE,9
WRShedrick JacksonLV,Shedrick Jackson,WR,"$960,000 ",Las Vegas Raiders,WR,LV,8
DLShelby HarrisCLE,Shelby Harris,DT,"$2,778,000 ",Cleveland Browns,DL,CLE,9
DLSheldon DayWAS,Sheldon Day,DT,"$1,097,500 ",Washington Commanders,DL,WAS,12
DLSheldon RankinsHOU,Sheldon Rankins,DT,"$2,808,824 ",Houston Texans,DL,HOU,6
DBShemar BartholomewCAR,Shemar Bartholomew,CB,"$960,000 ",Carolina Panthers,DB,CAR,14
LBShemar JamesDAL,Shemar James,LB,"$945,859 ",Dallas Cowboys,LB,DAL,10
DBShemar Jean-CharlesSEA,Shemar Jean-Charles,CB,"$1,080,000 ",Seattle Seahawks,DB,SEA,8
DLShemar StewartCIN,Shemar Stewart,DE,"$2,608,960 ",Cincinnati Bengals,DL,CIN,10
DLShemar TurnerCHI,Shemar Turner,DT,"$1,312,779 ",Chicago Bears,DL,CHI,5
DBShilo SandersTB,Shilo Sanders,S,"$840,524 ",Tampa Bay Buccaneers,DB,TB,9
RBShunDerrick PowellPHI,ShunDerrick Powell,RB,"$844,500 ",Philadelphia Eagles,RB,PHI,9
DLShy TuttleCAR,Shy Tuttle,DT,"$5,731,668 ",Carolina Panthers,DL,CAR,14
WRSilas BoldenMIN,Silas Bolden,WR,"$845,000 ",Minnesota Vikings,WR,MIN,6
DLSimeon BarrowATL,Simeon Barrow,DT,"$850,000 ",Atlanta Falcons,DL,ATL,5
WRSimi FehokoARI,Simi Fehoko,WR,"$1,615,000 ",Arizona Cardinals,WR,ARI,8
RBSincere McCormickLV,Sincere McCormick,RB,"$960,000 ",Las Vegas Raiders,RB,LV,8
RBSione VakiDET,Sione Vaki,RB,"$1,092,177 ",Detroit Lions,RB,DET,8
DBSiran NealSF,Siran Neal,S,"$1,650,000 ",San Francisco 49ers,DB,SF,14
LBSirVocea DennisTB,SirVocea Dennis,LB,"$1,109,331 ",Tampa Bay Buccaneers,LB,TB,9
QBSkylar ThompsonPIT,Skylar Thompson,QB,"$1,100,000 ",Pittsburgh Steelers,QB,PIT,5
WRSkyy MooreSF,Skyy Moore,WR,"$2,052,433 ",San Francisco 49ers,WR,SF,14
LBSmael Mondon Jr.PHI,Smael Mondon Jr.,LB,"$938,865 ",Philadelphia Eagles,LB,PHI,9
DLSolomon ByrdHOU,Solomon Byrd,DE,"$840,000 ",Houston Texans,DL,HOU,6
LBSolomon DeshieldsIND,Solomon Deshields,LB,"$843,333 ",Indianapolis Colts,LB,IND,11
DLSolomon ThomasDAL,Solomon Thomas,DT,"$2,720,576 ",Dallas Cowboys,DL,DAL,10
QBSpencer RattlerNO,Spencer Rattler,QB,"$1,044,120 ",New Orleans Saints,QB,NO,11
KSpencer ShraderIND,Spencer Shrader,K,"$1,135,000 ",Indianapolis Colts,K,IND,11
WRStefon DiggsNE,Stefon Diggs,WR,"$8,700,000 ",New England Patriots,WR,NE,14
TEStephen CarlsonCHI,Stephen Carlson,TE,"$1,030,000 ",Chicago Bears,TE,CHI,5
WRStephen GosnellBUF,Stephen Gosnell,WR,"$845,000 ",Buffalo Bills,WR,BUF,7
WRSterling ShepardTB,Sterling Shepard,WR,"$1,750,000 ",Tampa Bay Buccaneers,WR,TB,9
QBStetson BennettLAR,Stetson Bennett,QB,"$1,204,785 ",Los Angeles Rams,QB,LAR,8
DBSteven GilmoreARI,Steven Gilmore,CB,"$960,000 ",Arizona Cardinals,DB,ARI,8
WRSteven Sims Jr.SEA,Steven Sims Jr.,WR,"$1,030,000 ",Seattle Seahawks,WR,SEA,8
TEStevo KlotzLAC,Stevo Klotz,TE,"$841,666 ",Los Angeles Chargers,TE,LAC,12
LBStone BlantonSF,Stone Blanton,LB,"$844,000 ",San Francisco 49ers,LB,SF,14
TEStone SmarttNYJ,Stone Smartt,TE,"$1,350,000 ",New York Jets,TE,NYJ,9
DBStorm DuckMIA,Storm Duck,CB,"$966,666 ",Miami Dolphins,DB,MIA,12
LBSwayze BozemanCHI,Swayze Bozeman,OLB,"$960,000 ",Chicago Bears,LB,CHI,5
DBSydney BrownPHI,Sydney Brown,S,"$1,567,090 ",Philadelphia Eagles,DB,PHI,9
LBT.J. EdwardsCHI,T.J. Edwards,OLB,"$5,333,333 ",Chicago Bears,LB,CHI,5
TET.J. HockensonMIN,T.J. Hockenson,TE,"$16,649,118 ",Minnesota Vikings,TE,MIN,6
WRT.J. LutherCAR,T.J. Luther,WR,"$840,000 ",Carolina Panthers,WR,CAR,14
DBT.J. MooreNYG,T.J. Moore,S,"$840,333 ",New York Giants,DB,NYG,14
DLT.J. SandersBUF,T.J. Sanders,DT,"$1,935,529 ",Buffalo Bills,DL,BUF,7
WRT.J. SheffieldTEN,T.J. Sheffield,WR,"$840,000 ",Tennessee Titans,WR,TEN,10
DBT.J. TampaBAL,T.J. Tampa,CB,"$1,134,614 ",Baltimore Ravens,DB,BAL,7
LBT.J. WattPIT,T.J. Watt,OLB,"$23,368,694 ",Pittsburgh Steelers,LB,PIT,5
DLT'Vondre SweatTEN,T'Vondre Sweat,DT,"$2,171,009 ",Tennessee Titans,DL,TEN,10
DLTa'Quon GrahamATL,Ta'Quon Graham,DE,"$1,337,500 ",Atlanta Falcons,DL,ATL,5
RBTahj BrooksCIN,Tahj Brooks,RB,"$897,714 ",Cincinnati Bengals,RB,CIN,10
WRTahj WashingtonMIA,Tahj Washington,WR,"$862,599 ",Miami Dolphins,WR,MIA,12
WRTai FeltonMIN,Tai Felton,WR,"$1,120,215 ",Minnesota Vikings,WR,MIN,6
DLTaki TaimaniMIN,Taki Taimani,DT,"$961,666 ",Minnesota Vikings,DL,MIN,6
DBTalanoa HufangaDEN,Talanoa Hufanga,S,"$3,411,764 ",Denver Broncos,DB,DEN,12
RBTank BigsbyJAC,Tank Bigsby,RB,"$1,470,786 ",Jacksonville Jaguars,RB,JAC,8
WRTank DellHOU,Tank Dell,WR,"$1,551,574 ",Houston Texans,WR,HOU,6
WRTanner ConnerMIA,Tanner Conner,WR,"$1,100,000 ",Miami Dolphins,WR,MIA,12
TETanner HudsonCIN,Tanner Hudson,TE,"$1,030,000 ",Cincinnati Bengals,TE,CIN,10
DBTanner McCalisterNYJ,Tanner McCalister,S,"$1,030,000 ",New York Jets,DB,NYJ,9
QBTanner McKeePHI,Tanner McKee,QB,"$1,076,630 ",Philadelphia Eagles,QB,PHI,9
TETanner McLachlanCIN,Tanner McLachlan,TE,"$1,005,764 ",Cincinnati Bengals,TE,CIN,10
TETanner TaulaTB,Tanner Taula,TE,"$840,000 ",Tampa Bay Buccaneers,TE,TB,9
DLTanoh KpassagnonCHI,Tanoh Kpassagnon,DE,"$1,030,000 ",Chicago Bears,DL,CHI,5
DBTarheeb StillLAC,Tarheeb Still,CB,"$1,053,930 ",Los Angeles Chargers,DB,LAC,12
WRTarik BlackMIA,Tarik Black,WR,"$840,000 ",Miami Dolphins,WR,MIA,12
DBTariq Castro-FieldsPHI,Tariq Castro-Fields,CB,"$1,100,000 ",Philadelphia Eagles,DB,PHI,9
DBTariq WoolenSEA,Tariq Woolen,CB,"$5,429,054 ",Seattle Seahawks,DB,SEA,8
DBTaron JohnsonBUF,Taron Johnson,CB,"$8,010,000 ",Buffalo Bills,DB,BUF,7
LBTatum BethuneSF,Tatum Bethune,LB,"$980,452 ",San Francisco 49ers,LB,SF,14
DLTaven BryanCIN,Taven Bryan,DT,"$1,197,500 ",Cincinnati Bengals,DL,CIN,10
DBTavierre ThomasMIN,Tavierre Thomas,CB,"$2,000,000 ",Minnesota Vikings,DB,MIN,6
LBTavius RobinsonBAL,Tavius Robinson,OLB,"$1,210,141 ",Baltimore Ravens,LB,BAL,7
QBTaylor ElgersmaGB,Taylor Elgersma,QB,"$841,000 ",Green Bay Packers,QB,GB,5
QBTaylor HeinickeLAC,Taylor Heinicke,QB,"$2,500,000 ",Los Angeles Chargers,QB,LAC,12
WRTaylor MorinPHI,Taylor Morin,WR,"$841,666 ",Philadelphia Eagles,WR,PHI,9
DBTaylor RappBUF,Taylor Rapp,S,"$3,666,666 ",Buffalo Bills,DB,BUF,7
TETaysom HillNO,Taysom Hill,TE,"$17,986,500 ",New Orleans Saints,TE,NO,11
DBTe'Cory CouchBUF,Te'Cory Couch,CB,"$844,250 ",Buffalo Bills,DB,BUF,7
TETeagan QuitorianoATL,Teagan Quitoriano,TE,"$1,100,000 ",Atlanta Falcons,TE,ATL,5
DLTeair TartLAC,Teair Tart,DT,"$4,500,000 ",Los Angeles Chargers,DL,LAC,12
DLTedarrell SlatonCIN,Tedarrell Slaton,DT,"$5,440,000 ",Cincinnati Bengals,DL,CIN,10
LBTeddye BuchananBAL,Teddye Buchanan,LB,"$1,065,724 ",Baltimore Ravens,LB,BAL,7
WRTee HigginsCIN,Tee Higgins,WR,"$24,061,765 ",Cincinnati Bengals,WR,CIN,10
DLTeRah EdwardsLAC,TeRah Edwards,DT,"$843,333 ",Los Angeles Chargers,DL,LAC,12
DBTerell SmithCHI,Terell Smith,CB,"$1,098,971 ",Chicago Bears,DB,CHI,5
WRTerrace MarshallPHI,Terrace Marshall,WR,"$1,055,000 ",Philadelphia Eagles,WR,PHI,9
LBTerrel BernardBUF,Terrel Bernard,ILB,"$2,528,248 ",Buffalo Bills,LB,BUF,7
DBTerrell BurgessNO,Terrell Burgess,S,"$1,030,000 ",New Orleans Saints,DB,NO,11
RBTerrell JenningsNE,Terrell Jennings,RB,"$960,000 ",New England Patriots,RB,NE,14
TETerrence FergusonLAR,Terrence Ferguson,TE,"$1,766,083 ",Los Angeles Rams,TE,LAR,8
DBTerrion ArnoldDET,Terrion Arnold,CB,"$3,259,934 ",Detroit Lions,DB,DET,8
WRTerry McLaurinWAS,Terry McLaurin,WR,"$25,500,000 ",Washington Commanders,WR,WAS,12
DLTershawn WhartonCAR,Tershawn Wharton,DT,"$6,533,333 ",Carolina Panthers,DL,CAR,14
WRTetairoa McMillanCAR,Tetairoa McMillan,WR,"$5,078,253 ",Carolina Panthers,WR,CAR,14
WRTez JohnsonTB,Tez Johnson,WR,"$870,985 ",Tampa Bay Buccaneers,WR,TB,9
DBTheo JacksonMIN,Theo Jackson,S,"$2,100,000 ",Minnesota Vikings,DB,MIN,6
TETheo JohnsonNYG,Theo Johnson,TE,"$1,167,859 ",New York Giants,TE,NYG,14
WRTheo Wease Jr.MIA,Theo Wease Jr.,WR,"$845,000 ",Miami Dolphins,WR,MIA,12
DLThomas BookerLV,Thomas Booker,DT,"$1,030,000 ",Las Vegas Raiders,DL,LV,8
TEThomas Fidone IINYG,Thomas Fidone II,TE,"$877,379 ",New York Giants,TE,NYG,14
TEThomas GordonCHI,Thomas Gordon,TE,"$840,000 ",Chicago Bears,TE,CHI,5
DBThomas HarperLV,Thomas Harper,S,"$960,000 ",Las Vegas Raiders,DB,LV,8
LBThomas IncoomCAR,Thomas Incoom,OLB,"$1,030,000 ",Carolina Panthers,LB,CAR,14
PThomas MorsteadSF,Thomas Morstead,P,"$1,197,500 ",San Francisco 49ers,P,SF,14
TEThomas OdukoyaTEN,Thomas Odukoya,TE,"$960,000 ",Tennessee Titans,TE,TEN,10
QBTim BoyleTEN,Tim Boyle,QB,"$1,030,000 ",Tennessee Titans,QB,TEN,10
WRTim JonesMIN,Tim Jones,WR,"$1,870,000 ",Minnesota Vikings,WR,MIN,6
WRTim PatrickJAC,Tim Patrick,WR,"$2,500,000 ",Jacksonville Jaguars,WR,JAC,8
DLTim SettleHOU,Tim Settle,DT,"$4,000,000 ",Houston Texans,DL,HOU,6
DLTim SmithIND,Tim Smith,DT,"$898,590 ",Indianapolis Colts,DL,IND,11
DLTimothy HorneTEN,Timothy Horne,DT,"$1,100,000 ",Tennessee Titans,DL,TEN,10
TETip ReimanARI,Tip Reiman,TE,"$1,315,889 ",Arizona Cardinals,TE,ARI,8
RBToa TauaCLE,Toa Taua,RB,"$840,000 ",Cleveland Browns,RB,CLE,9
WRTom KennedyDET,Tom Kennedy,WR,"$1,100,000 ",Detroit Lions,WR,DET,8
DLTommy AkingbesoteDAL,Tommy Akingbesote,DT,"$865,756 ",Dallas Cowboys,DL,DAL,10
QBTommy DeVitoNYG,Tommy DeVito,QB,"$1,030,000 ",New York Giants,QB,NYG,14
LBTommy EichenbergLV,Tommy Eichenberg,LB,"$1,044,428 ",Las Vegas Raiders,LB,LV,8
WRTommy MellottLV,Tommy Mellott,WR,"$883,570 ",Las Vegas Raiders,WR,LV,8
DLTommy TogiaiHOU,Tommy Togiai,DT,"$1,270,882 ",Houston Texans,DL,HOU,6
PTommy TownsendHOU,Tommy Townsend,P,"$3,775,000 ",Houston Texans,P,HOU,6
TETommy TrembleCAR,Tommy Tremble,TE,"$3,850,000 ",Carolina Panthers,TE,CAR,14
LBTomon FoxNYG,Tomon Fox,OLB,"$1,030,000 ",New York Giants,LB,NYG,14
DLTonka HemingwayLV,Tonka Hemingway,DT,"$1,006,454 ",Las Vegas Raiders,DL,LV,8
DBTony AdamsNYJ,Tony Adams,S,"$3,263,000 ",New York Jets,DB,NYJ,9
DBTony BrownCLE,Tony Brown,CB,"$1,089,118 ",Cleveland Browns,DB,CLE,9
LBTony FieldsLAR,Tony Fields,OLB,"$1,100,000 ",Los Angeles Rams,LB,LAR,8
DBTony JeffersonLAC,Tony Jefferson,SS,"$1,055,000 ",Los Angeles Chargers,DB,LAC,12
RBTony PollardTEN,Tony Pollard,RB,"$8,470,000 ",Tennessee Titans,RB,TEN,10
WRTory HortonSEA,Tory Horton,WR,"$931,260 ",Seattle Seahawks,WR,SEA,8
LBTrace FordNYG,Trace Ford,LB,"$843,333 ",New York Giants,LB,NYG,14
WRTraeshon HoldenDAL,Traeshon Holden,WR,"$841,000 ",Dallas Cowboys,WR,DAL,10
DLTravis BellMIN,Travis Bell,DT,"$960,000 ",Minnesota Vikings,DL,MIN,6
RBTravis Etienne Jr.JAC,Travis Etienne Jr.,RB,"$6,143,000 ",Jacksonville Jaguars,RB,JAC,8
RBTravis HomerCHI,Travis Homer,RB,"$1,645,000 ",Chicago Bears,RB,CHI,5
WRTravis HunterJAC,Travis Hunter,WR,"$8,481,659 ",Jacksonville Jaguars,WR,JAC,8
DLTravis JonesBAL,Travis Jones,DT,"$3,665,847 ",Baltimore Ravens,DL,BAL,7
TETravis KelceKC,Travis Kelce,TE,"$19,801,667 ",Kansas City Chiefs,TE,KC,10
TETravis VokolekARI,Travis Vokolek,TE,"$1,030,000 ",Arizona Cardinals,TE,ARI,8
LBTravon WalkerJAC,Travon Walker,OLB,"$11,891,290 ",Jacksonville Jaguars,LB,JAC,8
RBTrayveon WilliamsCLE,Trayveon Williams,RB,"$1,030,000 ",Cleveland Browns,RB,CLE,9
DBTre AveryNE,Tre Avery,S,"$1,100,000 ",New England Patriots,DB,NE,14
DBTre BrownSF,Tre Brown,CB,"$1,670,000 ",San Francisco 49ers,DB,SF,14
DBTre FlowersCHI,Tre Flowers,CB,"$1,030,000 ",Chicago Bears,DB,CHI,5
WRTre HarrisLAC,Tre Harris,WR,"$1,421,399 ",Los Angeles Chargers,WR,LAC,12
DBTre Hawkins IIINYG,Tre Hawkins III,CB,"$1,067,380 ",New York Giants,DB,NYG,14
DBTre HerndonIND,Tre Herndon,CB,"$1,030,000 ",Indianapolis Colts,DB,IND,11
RBTre StewartMIN,Tre Stewart,RB,"$843,333 ",Minnesota Vikings,RB,MIN,6
WRTre TuckerLV,Tre Tucker,WR,"$1,446,568 ",Las Vegas Raiders,WR,LV,8
TETre WatsonKC,Tre Watson,TE,"$845,000 ",Kansas City Chiefs,TE,KC,10
DBTre'Davious WhiteBUF,Tre'Davious White,CB,"$2,880,000 ",Buffalo Bills,DB,BUF,7
DBTre'von MoehrigCAR,Tre'von Moehrig,S,"$7,200,000 ",Carolina Panthers,DB,CAR,14
LBTremaine EdmundsCHI,Tremaine Edmunds,ILB,"$17,437,500 ",Chicago Bears,LB,CHI,5
DBTremon SmithHOU,Tremon Smith,CB,"$3,000,000 ",Houston Texans,DB,HOU,6
DBTrent McDuffieKC,Trent McDuffie,CB,"$4,452,154 ",Kansas City Chiefs,DB,KC,10
WRTrent SherfieldDEN,Trent Sherfield,WR,"$2,400,000 ",Denver Broncos,WR,DEN,12
WRTrenton IrwinJAC,Trenton Irwin,WR,"$1,030,000 ",Jacksonville Jaguars,WR,JAC,8
LBTrenton SimpsonBAL,Trenton Simpson,ILB,"$1,473,955 ",Baltimore Ravens,LB,BAL,7
PTress WayWAS,Tress Way,P,"$1,422,500 ",Washington Commanders,P,WAS,12
DLTreven Ma’aeLV,Treven Ma’ae,DT,"$848,333 ",Las Vegas Raiders,DL,LV,8
RBTreVeyon HendersonNE,TreVeyon Henderson,RB,"$2,026,042 ",New England Patriots,RB,NE,14
DBTrevian ThomasCAR,Trevian Thomas,S,"$843,333 ",Carolina Panthers,DB,CAR,14
LBTrevin WallaceCAR,Trevin Wallace,ILB,"$1,354,508 ",Carolina Panthers,LB,CAR,14
DBTrevon DiggsDAL,Trevon Diggs,CB,"$12,088,237 ",Dallas Cowboys,DB,DAL,10
RBTrevor EtienneCAR,Trevor Etienne,RB,"$1,092,186 ",Carolina Panthers,RB,CAR,14
QBTrevor LawrenceJAC,Trevor Lawrence,QB,"$17,000,000 ",Jacksonville Jaguars,QB,JAC,8
DBTrey AmosWAS,Trey Amos,CB,"$1,323,640 ",Washington Commanders,DB,WAS,12
RBTrey BensonARI,Trey Benson,RB,"$1,377,183 ",Arizona Cardinals,RB,ARI,8
DLTrey HendricksonCIN,Trey Hendrickson,DE,"$21,666,668 ",Cincinnati Bengals,DL,CIN,10
QBTrey LanceLAC,Trey Lance,QB,"$2,045,000 ",Los Angeles Chargers,QB,LAC,12
TETrey McBrideARI,Trey McBride,TE,"$9,574,393 ",Arizona Cardinals,TE,ARI,8
WRTrey PalmerTB,Trey Palmer,WR,"$1,074,823 ",Tampa Bay Buccaneers,WR,TB,9
RBTrey SermonPIT,Trey Sermon,RB,"$1,030,000 ",Pittsburgh Steelers,RB,PIT,5
DBTrey TaylorLV,Trey Taylor,S,"$989,682 ",Las Vegas Raiders,DB,LV,8
DBTrey WashingtonIND,Trey Washington,S,"$842,333 ",Indianapolis Colts,DB,IND,11
DBTrikweze BridgesLAC,Trikweze Bridges,CB,"$865,418 ",Los Angeles Chargers,DB,LAC,12
WRTrishton JacksonARI,Trishton Jackson,WR,"$1,100,000 ",Arizona Cardinals,WR,ARI,8
DBTristin McCollumPHI,Tristin McCollum,CB,"$1,030,000 ",Philadelphia Eagles,DB,PHI,9
LBTroy AndersenATL,Troy Andersen,ILB,"$1,942,045 ",Atlanta Falcons,LB,ATL,5
LBTroy DyeLAC,Troy Dye,ILB,"$2,250,000 ",Los Angeles Chargers,LB,LAC,12
WRTroy FranklinDEN,Troy Franklin,WR,"$1,188,709 ",Denver Broncos,WR,DEN,12
DBTroy Pride Jr.DAL,Troy Pride Jr.,CB,"$960,000 ",Dallas Cowboys,DB,DAL,10
LBTroy ReederLAR,Troy Reeder,ILB,"$1,030,000 ",Los Angeles Rams,LB,LAR,8
WRTru EdwardsLAR,Tru Edwards,WR,"$841,666 ",Los Angeles Rams,WR,LAR,8
QBTua TagovailoaMIA,Tua Tagovailoa,QB,"$39,181,294 ",Miami Dolphins,QB,MIA,12
TETucker FiskLAC,Tucker Fisk,TE,"$1,030,000 ",Los Angeles Chargers,TE,LAC,12
TETucker KraftGB,Tucker Kraft,TE,"$1,510,345 ",Green Bay Packers,TE,GB,5
LBTuli TuipulotuLAC,Tuli Tuipulotu,OLB,"$1,792,195 ",Los Angeles Chargers,LB,LAC,12
WRTuTu AtwellLAR,TuTu Atwell,WR,"$10,000,000 ",Los Angeles Rams,WR,LAR,8
RBTy ChandlerMIN,Ty Chandler,RB,"$1,174,710 ",Minnesota Vikings,RB,MIN,6
DLTy HamiltonLAR,Ty Hamilton,DT,"$949,647 ",Los Angeles Rams,DL,LAR,8
RBTy JohnsonBUF,Ty Johnson,RB,"$1,975,000 ",Buffalo Bills,RB,BUF,7
DBTy OkadaSEA,Ty Okada,S,"$1,030,000 ",Seattle Seahawks,DB,SEA,8
DLTy RobinsonPHI,Ty Robinson,DT,"$1,098,917 ",Philadelphia Eagles,DL,PHI,9
LBTy'Ron HopperGB,Ty'Ron Hopper,LB,"$1,290,460 ",Green Bay Packers,LB,GB,5
DBTycen AndersonCIN,Tycen Anderson,S,"$1,176,521 ",Cincinnati Bengals,DB,CIN,10
RBTyjae SpearsTEN,Tyjae Spears,RB,"$1,497,441 ",Tennessee Titans,RB,TEN,10
DBTykee SmithTB,Tykee Smith,S,"$1,292,504 ",Tampa Bay Buccaneers,DB,TB,9
WRTylan WallaceBAL,Tylan Wallace,WR,"$1,356,000 ",Baltimore Ravens,WR,BAL,7
RBTyler AllgeierATL,Tyler Allgeier,RB,"$1,183,474 ",Atlanta Falcons,RB,ATL,5
RBTyler BadieDEN,Tyler Badie,RB,"$960,000 ",Denver Broncos,RB,DEN,12
DLTyler BaronNYJ,Tyler Baron,DE,"$920,054 ",New York Jets,DL,NYJ,9
KTyler BassBUF,Tyler Bass,K,"$4,670,000 ",Buffalo Bills,K,BUF,7
LBTyler BattyMIN,Tyler Batty,OLB,"$848,333 ",Minnesota Vikings,LB,MIN,6
TETyler ConklinLAC,Tyler Conklin,TE,"$3,190,000 ",Los Angeles Chargers,TE,LAC,12
DLTyler DavisLAR,Tyler Davis,DT,"$1,005,638 ",Los Angeles Rams,DL,LAR,8
RBTyler GoodsonIND,Tyler Goodson,RB,"$1,030,000 ",Indianapolis Colts,RB,IND,11
DBTyler HallSEA,Tyler Hall,CB,"$1,030,000 ",Seattle Seahawks,DB,SEA,8
TETyler HigbeeLAR,Tyler Higbee,TE,"$8,777,757 ",Los Angeles Rams,TE,LAR,8
WRTyler JohnsonNYJ,Tyler Johnson,WR,"$1,197,500 ",New York Jets,WR,NYJ,9
WRTyler KahmannIND,Tyler Kahmann,WR,"$840,666 ",Indianapolis Colts,WR,IND,11
DLTyler LacyJAC,Tyler Lacy,DE,"$1,201,781 ",Jacksonville Jaguars,DL,JAC,8
WRTyler LockettTEN,Tyler Lockett,WR,"$4,000,000 ",Tennessee Titans,WR,TEN,10
KTyler LoopBAL,Tyler Loop,K,"$901,193 ",Baltimore Ravens,K,BAL,7
TETyler MabryCAR,Tyler Mabry,TE,"$960,000 ",Carolina Panthers,TE,CAR,14
TETyler NevilleDAL,Tyler Neville,TE,"$843,333 ",Dallas Cowboys,TE,DAL,10
DBTyler NubinNYG,Tyler Nubin,S,"$1,858,345 ",New York Giants,DB,NYG,14
DBTyler OwensWAS,Tyler Owens,S,"$966,666 ",Washington Commanders,DB,WAS,12
WRTyler ScottCHI,Tyler Scott,WR,"$1,195,863 ",Chicago Bears,WR,CHI,5
QBTyler ShoughNO,Tyler Shough,QB,"$1,964,494 ",New Orleans Saints,QB,NO,11
TETyler WarrenIND,Tyler Warren,TE,"$3,811,027 ",Indianapolis Colts,TE,IND,11
DLTyliek WilliamsDET,Tyliek Williams,DT,"$2,996,380 ",Detroit Lions,DL,DET,8
DLTyquan LewisIND,Tyquan Lewis,DE,"$7,080,000 ",Indianapolis Colts,DL,IND,11
WRTyquan ThorntonKC,Tyquan Thornton,WR,"$1,100,000 ",Kansas City Chiefs,WR,KC,10
DLTyree WilsonLV,Tyree Wilson,DE,"$6,819,682 ",Las Vegas Raiders,DL,LV,8
WRTyreek HillMIA,Tyreek Hill,WR,"$27,698,750 ",Miami Dolphins,WR,MIA,12
LBTyreem PowellNO,Tyreem Powell,LB,"$843,333 ",New Orleans Saints,LB,NO,11
DBTyrek FunderburkTB,Tyrek Funderburk,CB,"$966,666 ",Tampa Bay Buccaneers,DB,TB,9
LBTyreke SmithSEA,Tyreke Smith,OLB,"$960,000 ",Seattle Seahawks,LB,SEA,8
LBTyrel DodsonMIA,Tyrel Dodson,ILB,"$2,532,500 ",Miami Dolphins,LB,MIA,12
WRTyrell ShaversBUF,Tyrell Shavers,WR,"$963,500 ",Buffalo Bills,WR,BUF,7
LBTyrice KnightSEA,Tyrice Knight,LB,"$1,153,140 ",Seattle Seahawks,LB,SEA,8
DLTyrion Ingram-DawkinsMIN,Tyrion Ingram-Dawkins,DT,"$959,344 ",Minnesota Vikings,DL,MIN,6
DBTyrique StevensonCHI,Tyrique Stevenson,CB,"$1,758,954 ",Chicago Bears,DB,CHI,5
QBTyrod TaylorNYJ,Tyrod Taylor,QB,"$6,800,000 ",New York Jets,QB,NYJ,9
DBTyron HerringGB,Tyron Herring,S,"$843,333 ",Green Bay Packers,DB,GB,5
WRTyrone BrodenSEA,Tyrone Broden,WR,"$845,000 ",Seattle Seahawks,WR,SEA,8
RBTyrone Tracy Jr.NYG,Tyrone Tracy Jr.,RB,"$1,031,588 ",New York Giants,RB,NYG,14
DLTyrus WheatDAL,Tyrus Wheat,DE,"$1,030,000 ",Dallas Cowboys,DL,DAL,10
DBTysheem JohnsonCHI,Tysheem Johnson,S,"$845,000 ",Chicago Bears,DB,CHI,5
QBTyson BagentCHI,Tyson Bagent,QB,"$1,038,334 ",Chicago Bears,QB,CHI,5
DBTyson CampbellJAC,Tyson Campbell,CB,"$8,032,941 ",Jacksonville Jaguars,DB,JAC,8
DBTyson RussellDET,Tyson Russell,CB,"$840,000 ",Detroit Lions,DB,DET,8
LBUchenna NwosuSEA,Uchenna Nwosu,LB,"$11,848,333 ",Seattle Seahawks,LB,SEA,8
DBUgo AmadiNO,Ugo Amadi,S,"$1,140,000 ",New Orleans Saints,DB,NO,11
RBUlysses BentleyIND,Ulysses Bentley,RB,"$845,833 ",Indianapolis Colts,RB,IND,11
DBUpton StoutSF,Upton Stout,CB,"$1,120,215 ",San Francisco 49ers,DB,SF,14
WRVan JeffersonTEN,Van Jefferson,WR,"$1,670,000 ",Tennessee Titans,WR,TEN,10
WRVelus JonesNO,Velus Jones,WR,"$1,150,000 ",New Orleans Saints,WR,NO,11
LBVentrell MillerJAC,Ventrell Miller,LB,"$1,214,234 ",Jacksonville Jaguars,LB,JAC,8
DLVernon BroughtonNO,Vernon Broughton,DT,"$1,206,872 ",New Orleans Saints,DL,NO,11
LBVi JonesARI,Vi Jones,ILB,"$1,030,000 ",Arizona Cardinals,LB,ARI,8
LBVictor DimukejeNYG,Victor Dimukeje,OLB,"$1,197,500 ",New York Giants,LB,NYG,14
DLViliami Fehoko Jr.WAS,Viliami Fehoko Jr.,DE,"$960,000 ",Washington Commanders,DL,WAS,12
DLVita VeaTB,Vita Vea,DT,"$22,465,065 ",Tampa Bay Buccaneers,DL,TB,9
LBVon MillerWAS,Von Miller,OLB,"$5,840,000 ",Washington Commanders,LB,WAS,12
DLWalter NolenARI,Walter Nolen,DT,"$3,521,373 ",Arizona Cardinals,DL,ARI,8
WRWan'dale RobinsonNYG,Wan'dale Robinson,WR,"$2,604,371 ",New York Giants,WR,NYG,14
DBWande OwensBUF,Wande Owens,S,"$848,333 ",Buffalo Bills,DB,BUF,7
DLWarren BrinsonGB,Warren Brinson,DT,"$896,596 ",Green Bay Packers,DL,GB,5
DLWarren PeeplesTB,Warren Peeples,DE,"$844,166 ",Tampa Bay Buccaneers,DL,TB,9
LBWesley SteinerLV,Wesley Steiner,LB,"$840,000 ",Las Vegas Raiders,LB,LV,8
KWil LutzDEN,Wil Lutz,K,"$5,540,000 ",Denver Broncos,K,DEN,12
DLWill Anderson Jr.HOU,Will Anderson Jr.,DE,"$9,603,498 ",Houston Texans,DL,HOU,6
TEWill DisslyLAC,Will Dissly,TE,"$5,875,000 ",Los Angeles Chargers,TE,LAC,12
QBWill GrierDAL,Will Grier,QB,"$1,030,000 ",Dallas Cowboys,QB,DAL,10
DBWill HarrisWAS,Will Harris,S,"$2,880,000 ",Washington Commanders,DB,WAS,12
QBWill HowardPIT,Will Howard,QB,"$902,025 ",Pittsburgh Steelers,QB,PIT,5
DBWill JohnsonARI,Will Johnson,CB,"$1,711,049 ",Arizona Cardinals,DB,ARI,8
TEWill MalloryIND,Will Mallory,TE,"$1,102,648 ",Indianapolis Colts,TE,IND,11
DLWill McDonald IVNYJ,Will McDonald IV,DE,"$4,451,365 ",New York Jets,DL,NYJ,9
KWill ReichardMIN,Will Reichard,K,"$1,002,655 ",Minnesota Vikings,K,MIN,6
RBWill ShipleyPHI,Will Shipley,RB,"$1,139,241 ",Philadelphia Eagles,RB,PHI,9
LBWilliam KwenkeuBAL,William Kwenkeu,LB,"$960,000 ",Baltimore Ravens,LB,BAL,7
LBWillie Gay Jr.MIA,Willie Gay Jr.,OLB,"$1,197,500 ",Miami Dolphins,LB,MIA,12
LBWinston ReidCLE,Winston Reid,OLB,"$960,000 ",Cleveland Browns,LB,CLE,9
RBWoody MarksHOU,Woody Marks,RB,"$1,090,942 ",Houston Texans,RB,HOU,6
DLWy'Kevious ThomasSEA,Wy'Kevious Thomas,DT,"$840,500 ",Seattle Seahawks,DL,SEA,8
DLXavier CarltonCHI,Xavier Carlton,DE,"$846,666 ",Chicago Bears,DL,CHI,5
WRXavier GipsonNYJ,Xavier Gipson,WR,"$1,035,000 ",New York Jets,WR,NYJ,9
WRXavier GuilloryBAL,Xavier Guillory,WR,"$841,666 ",Baltimore Ravens,WR,BAL,7
WRXavier HutchinsonHOU,Xavier Hutchinson,WR,"$1,070,926 ",Houston Texans,WR,HOU,6
WRXavier JohnsonHOU,Xavier Johnson,WR,"$840,000 ",Houston Texans,WR,HOU,6
WRXavier LegetteCAR,Xavier Legette,WR,"$2,808,449 ",Carolina Panthers,WR,CAR,14
DBXavier McKinneyGB,Xavier McKinney,SS,"$17,850,000 ",Green Bay Packers,DB,GB,5
WRXavier RestrepoTEN,Xavier Restrepo,WR,"$846,666 ",Tennessee Titans,WR,TEN,10
WRXavier SmithLAR,Xavier Smith,WR,"$960,000 ",Los Angeles Rams,WR,LAR,8
DLXavier ThomasARI,Xavier Thomas,DE,"$1,053,223 ",Arizona Cardinals,DL,ARI,8
DBXavier WattsATL,Xavier Watts,S,"$1,125,192 ",Atlanta Falcons,DB,ATL,5
WRXavier WeaverARI,Xavier Weaver,WR,"$970,000 ",Arizona Cardinals,WR,ARI,8
DBXavier WoodsTEN,Xavier Woods,S,"$3,000,000 ",Tennessee Titans,DB,TEN,10
WRXavier WorthyKC,Xavier Worthy,WR,"$3,134,151 ",Kansas City Chiefs,WR,KC,10
DLYahya BlackPIT,Yahya Black,DT,"$934,959 ",Pittsburgh Steelers,DL,PIT,5
LBYasir AbdullahJAC,Yasir Abdullah,LB,"$1,121,304 ",Jacksonville Jaguars,LB,JAC,8
DLYaYa DiabyTB,YaYa Diaby,DE,"$1,490,567 ",Tampa Bay Buccaneers,DL,TB,9
DLYetur Gross-MatosSF,Yetur Gross-Matos,DE,"$9,473,000 ",San Francisco 49ers,DL,SF,14
KYounghoe KooATL,Younghoe Koo,K,"$5,500,000 ",Atlanta Falcons,K,ATL,5
DLZacch PickensCHI,Zacch Pickens,DT,"$1,571,942 ",Chicago Bears,DL,CHI,5
DLZach AllenDEN,Zach Allen,DE,"$14,345,000 ",Denver Broncos,DL,DEN,12
DLZach CarterLV,Zach Carter,DT,"$1,100,000 ",Las Vegas Raiders,DL,LV,8
RBZach CharbonnetSEA,Zach Charbonnet,RB,"$1,875,294 ",Seattle Seahawks,RB,SEA,8
LBZach CunninghamDET,Zach Cunningham,ILB,"$1,030,000 ",Detroit Lions,LB,DET,8
TEZach DavidsonBUF,Zach Davidson,TE,"$963,500 ",Buffalo Bills,TE,BUF,7
TEZach ErtzWAS,Zach Ertz,TE,"$6,250,000 ",Washington Commanders,TE,WAS,12
DLZach HarrisonATL,Zach Harrison,DE,"$1,518,668 ",Atlanta Falcons,DL,ATL,5
TEZach HortonDET,Zach Horton,TE,"$845,000 ",Detroit Lions,TE,DET,8
WRZach PascalNYG,Zach Pascal,WR,"$1,197,500 ",New York Giants,WR,NYG,14
DLZach SielerMIA,Zach Sieler,DE,"$12,447,000 ",Miami Dolphins,DL,MIA,12
QBZach WilsonMIA,Zach Wilson,QB,"$2,200,000 ",Miami Dolphins,QB,MIA,12
LBZack BaunPHI,Zack Baun,ILB,"$4,386,000 ",Philadelphia Eagles,LB,PHI,9
TEZack KuntzNYJ,Zack Kuntz,TE,"$840,000 ",New York Jets,TE,NYJ,9
DBZah FrazierCHI,Zah Frazier,CB,"$920,054 ",Chicago Bears,DB,CHI,5
LBZaire BarnesNYJ,Zaire Barnes,LB,"$1,078,392 ",New York Jets,LB,NYJ,9
LBZaire FranklinIND,Zaire Franklin,OLB,"$7,500,000 ",Indianapolis Colts,LB,IND,11
TEZaire Mitchell-PadenBAL,Zaire Mitchell-Paden,TE,"$840,000 ",Baltimore Ravens,TE,BAL,7
RBZamir WhiteLV,Zamir White,RB,"$1,285,983 ",Las Vegas Raiders,RB,LV,8
DLZaven CollinsARI,Zaven Collins,DE,"$6,055,000 ",Arizona Cardinals,DL,ARI,8
WRZavier ScottMIN,Zavier Scott,WR,"$840,000 ",Minnesota Vikings,WR,MIN,6
WRZay FlowersBAL,Zay Flowers,WR,"$3,828,119 ",Baltimore Ravens,WR,BAL,7
WRZay JonesARI,Zay Jones,WR,"$2,280,000 ",Arizona Cardinals,WR,ARI,8
DBZayne AndersonGB,Zayne Anderson,S,"$1,170,000 ",Green Bay Packers,DB,GB,5
DBZech McPhearsonJAC,Zech McPhearson,CB,"$1,030,000 ",Jacksonville Jaguars,DB,JAC,8
DLZeek BiggersMIA,Zeek Biggers,DT,"$865,418 ",Miami Dolphins,DL,MIA,12
DBZemaiah VaughnMIN,Zemaiah Vaughn,CB,"$845,000 ",Minnesota Vikings,DB,MIN,6
DBZion ChildressDAL,Zion Childress,S,"$843,333 ",Dallas Cowboys,DB,DAL,10
DLZion LogueBUF,Zion Logue,DT,"$962,000 ",Buffalo Bills,DL,BUF,7
RBZonovan KnightARI,Zonovan Knight,RB,"$1,030,000 ",Arizona Cardinals,RB,ARI,8
DBZyon McCollumTB,Zyon McCollum,CB,"$3,486,433 ",Tampa Bay Buccaneers,DB,TB,9
WRAmari CooperLV,Amari Cooper,WR,$0 ,Las Vegas Raiders,WR,LV,8
WRIsaiah BondCLE,Isaiah Bond,WR,"$857,666 ",Cleveland Browns,WR,CLE,9
WRKeenan AllenLAC,Keenan Allen,WR,"$3,020,000 ",Los Angeles Chargers,WR,LAC,12
RBQuinshon JudkinsCLE,Quinshon Judkins,RB,$0 ,Cleveland Browns,RB,CLE,9
DBJordan PoyerBUF,Jordan Poyer,S,$0 ,Buffalo Bills,DB,BUF,7
#N/A,,,,,,#N/A,#N/A
#N/A,,,,,,#N/A,#N/A
#N/A,,,,,,#N/A,#N/A
#N/A,,,,,,#N/A,#N/A
#N/A,,,,,,#N/A,#N/A
#N/A,,,,,,#N/A,#N/A
#N/A,,,,,,#N/A,#N/A
#N/A,,,,,,#N/A,#N/A
#N/A,,,,,,#N/A,#N/A
#N/A,,,,,,#N/A,#N/A
#N/A,,,,,,#N/A,#N/A
#N/A,,,,,,#N/A,#N/A
#N/A,,,,,,#N/A,#N/A
#N/A,,,,,,#N/A,#N/A
#N/A,,,,,,#N/A,#N/A
#N/A,,,,,,#N/A,#N/A
#N/A,,,,,,#N/A,#N/A
#N/A,,,,,,#N/A,#N/A
#N/A,,,,,,#N/A,#N/A
#N/A,,,,,,#N/A,#N/A
#N/A,,,,,,#N/A,#N/A
#N/A,,,,,,#N/A,#N/A
#N/A,,,,,,#N/A,#N/A
#N/A,,,,,,#N/A,#N/A
#N/A,,,,,,#N/A,#N/A
#N/A,,,,,,#N/A,#N/A
#N/A,,,,,,#N/A,#N/A
#N/A,,,,,,#N/A,#N/A
#N/A,,,,,,#N/A,#N/A
#N/A,,,,,,#N/A,#N/A
#N/A,,,,,,#N/A,#N/A
#N/A,,,,,,#N/A,#N/A
#N/A,,,,,,#N/A,#N/A
#N/A,,,,,,#N/A,#N/A
#N/A,,,,,,#N/A,#N/A
#N/A,,,,,,#N/A,#N/A
#N/A,,,,,,#N/A,#N/A
#N/A,,,,,,#N/A,#N/A
#N/A,,,,,,#N/A,#N/A
#N/A,,,,,,#N/A,#N/A
#N/A,,,,,,#N/A,#N/A
#N/A,,,,,,#N/A,#N/A
#N/A,,,,,,#N/A,#N/A
#N/A,,,,,,#N/A,#N/A
#N/A,,,,,,#N/A,#N/A
#N/A,,,,,,#N/A,#N/A
#N/A,,,,,,#N/A,#N/A
#N/A,,,,,,#N/A,#N/A
#N/A,,,,,,#N/A,#N/A
#N/A,,,,,,#N/A,#N/A
#N/A,,,,,,#N/A,#N/A
#N/A,,,,,,#N/A,#N/A
#N/A,,,,,,#N/A,#N/A
#N/A,,,,,,#N/A,#N/A
#N/A,,,,,,#N/A,#N/A
#N/A,,,,,,#N/A,#N/A
#N/A,,,,,,#N/A,#N/A
#N/A,,,,,,#N/A,#N/A
#N/A,,,,,,#N/A,#N/A
#N/A,,,,,,#N/A,#N/A
#N/A,,,,,,#N/A,#N/A
#N/A,,,,,,#N/A,#N/A
#N/A,,,,,,#N/A,#N/A
#N/A,,,,,,#N/A,#N/A
#N/A,,,,,,#N/A,#N/A
#N/A,,,,,,#N/A,#N/A
#N/A,,,,,,#N/A,#N/A
#N/A,,,,,,#N/A,#N/A
#N/A,,,,,,#N/A,#N/A
#N/A,,,,,,#N/A,#N/A
#N/A,,,,,,#N/A,#N/A
#N/A,,,,,,#N/A,#N/A
#N/A,,,,,,#N/A,#N/A
#N/A,,,,,,#N/A,#N/A
#N/A,,,,,,#N/A,#N/A
#N/A,,,,,,#N/A,#N/A
#N/A,,,,,,#N/A,#N/A
#N/A,,,,,,#N/A,#N/A
#N/A,,,,,,#N/A,#N/A
#N/A,,,,,,#N/A,#N/A
#N/A,,,,,,#N/A,#N/A
#N/A,,,,,,#N/A,#N/A
#N/A,,,,,,#N/A,#N/A
#N/A,,,,,,#N/A,#N/A
#N/A,,,,,,#N/A,#N/A
#N/A,,,,,,#N/A,#N/A
#N/A,,,,,,#N/A,#N/A
#N/A,,,,,,#N/A,#N/A
#N/A,,,,,,#N/A,#N/A
#N/A,,,,,,#N/A,#N/A
#N/A,,,,,,#N/A,#N/A
#N/A,,,,,,#N/A,#N/A
#N/A,,,,,,#N/A,#N/A
#N/A,,,,,,#N/A,#N/A
#N/A,,,,,,#N/A,#N/A
#N/A,,,,,,#N/A,#N/A
#N/A,,,,,,#N/A,#N/A
#N/A,,,,,,#N/A,#N/A
#N/A,,,,,,#N/A,#N/A
#N/A,,,,,,#N/A,#N/A
#N/A,,,,,,#N/A,#N/A
#N/A,,,,,,#N/A,#N/A
#N/A,,,,,,#N/A,#N/A
#N/A,,,,,,#N/A,#N/A
#N/A,,,,,,#N/A,#N/A
#N/A,,,,,,#N/A,#N/A
#N/A,,,,,,#N/A,#N/A
#N/A,,,,,,#N/A,#N/A
#N/A,,,,,,#N/A,#N/A
#N/A,,,,,,#N/A,#N/A
#N/A,,,,,,#N/A,#N/A
#N/A,,,,,,#N/A,#N/A
#N/A,,,,,,#N/A,#N/A
#N/A,,,,,,#N/A,#N/A
#N/A,,,,,,#N/A,#N/A
#N/A,,,,,,#N/A,#N/A
#N/A,,,,,,#N/A,#N/A
#N/A,,,,,,#N/A,#N/A
#N/A,,,,,,#N/A,#N/A
#N/A,,,,,,#N/A,#N/A
#N/A,,,,,,#N/A,#N/A
#N/A,,,,,,#N/A,#N/A
#N/A,,,,,,#N/A,#N/A
#N/A,,,,,,#N/A,#N/A
#N/A,,,,,,#N/A,#N/A
#N/A,,,,,,#N/A,#N/A
#N/A,,,,,,#N/A,#N/A
#N/A,,,,,,#N/A,#N/A
#N/A,,,,,,#N/A,#N/A
#N/A,,,,,,#N/A,#N/A